impl,grid_size,num_thread,seconds
seq,32,1,0.001193
seq,32,2,0.001193
seq,32,4,0.001193
seq,32,8,0.001193
seq,32,16,0.001193
seq,32,32,0.001193
seq,32,1,0.001215
seq,32,2,0.001215
seq,32,4,0.001215
seq,32,8,0.001215
seq,32,16,0.001215
seq,32,32,0.001215
seq,32,1,0.001176
seq,32,2,0.001176
seq,32,4,0.001176
seq,32,8,0.001176
seq,32,16,0.001176
seq,32,32,0.001176
seq,32,1,0.001352
seq,32,2,0.001352
seq,32,4,0.001352
seq,32,8,0.001352
seq,32,16,0.001352
seq,32,32,0.001352
seq,32,1,0.001353
seq,32,2,0.001353
seq,32,4,0.001353
seq,32,8,0.001353
seq,32,16,0.001353
seq,32,32,0.001353
seq,32,1,0.001341
seq,32,2,0.001341
seq,32,4,0.001341
seq,32,8,0.001341
seq,32,16,0.001341
seq,32,32,0.001341
seq,32,1,0.001182
seq,32,2,0.001182
seq,32,4,0.001182
seq,32,8,0.001182
seq,32,16,0.001182
seq,32,32,0.001182
seq,32,1,0.001366
seq,32,2,0.001366
seq,32,4,0.001366
seq,32,8,0.001366
seq,32,16,0.001366
seq,32,32,0.001366
seq,32,1,0.001139
seq,32,2,0.001139
seq,32,4,0.001139
seq,32,8,0.001139
seq,32,16,0.001139
seq,32,32,0.001139
seq,32,1,0.001163
seq,32,2,0.001163
seq,32,4,0.001163
seq,32,8,0.001163
seq,32,16,0.001163
seq,32,32,0.001163
seq,32,1,0.001368
seq,32,2,0.001368
seq,32,4,0.001368
seq,32,8,0.001368
seq,32,16,0.001368
seq,32,32,0.001368
seq,32,1,0.001346
seq,32,2,0.001346
seq,32,4,0.001346
seq,32,8,0.001346
seq,32,16,0.001346
seq,32,32,0.001346
seq,32,1,0.001025
seq,32,2,0.001025
seq,32,4,0.001025
seq,32,8,0.001025
seq,32,16,0.001025
seq,32,32,0.001025
seq,32,1,0.00116
seq,32,2,0.00116
seq,32,4,0.00116
seq,32,8,0.00116
seq,32,16,0.00116
seq,32,32,0.00116
seq,32,1,0.001341
seq,32,2,0.001341
seq,32,4,0.001341
seq,32,8,0.001341
seq,32,16,0.001341
seq,32,32,0.001341
seq,32,1,0.001024
seq,32,2,0.001024
seq,32,4,0.001024
seq,32,8,0.001024
seq,32,16,0.001024
seq,32,32,0.001024
seq,32,1,0.001169
seq,32,2,0.001169
seq,32,4,0.001169
seq,32,8,0.001169
seq,32,16,0.001169
seq,32,32,0.001169
seq,32,1,0.00136
seq,32,2,0.00136
seq,32,4,0.00136
seq,32,8,0.00136
seq,32,16,0.00136
seq,32,32,0.00136
seq,32,1,0.001024
seq,32,2,0.001024
seq,32,4,0.001024
seq,32,8,0.001024
seq,32,16,0.001024
seq,32,32,0.001024
seq,32,1,0.00117
seq,32,2,0.00117
seq,32,4,0.00117
seq,32,8,0.00117
seq,32,16,0.00117
seq,32,32,0.00117
seq,32,1,0.001341
seq,32,2,0.001341
seq,32,4,0.001341
seq,32,8,0.001341
seq,32,16,0.001341
seq,32,32,0.001341
seq,32,1,0.001169
seq,32,2,0.001169
seq,32,4,0.001169
seq,32,8,0.001169
seq,32,16,0.001169
seq,32,32,0.001169
seq,32,1,0.001025
seq,32,2,0.001025
seq,32,4,0.001025
seq,32,8,0.001025
seq,32,16,0.001025
seq,32,32,0.001025
seq,32,1,0.001356
seq,32,2,0.001356
seq,32,4,0.001356
seq,32,8,0.001356
seq,32,16,0.001356
seq,32,32,0.001356
seq,32,1,0.001341
seq,32,2,0.001341
seq,32,4,0.001341
seq,32,8,0.001341
seq,32,16,0.001341
seq,32,32,0.001341
seq,32,1,0.001163
seq,32,2,0.001163
seq,32,4,0.001163
seq,32,8,0.001163
seq,32,16,0.001163
seq,32,32,0.001163
seq,32,1,0.00136
seq,32,2,0.00136
seq,32,4,0.00136
seq,32,8,0.00136
seq,32,16,0.00136
seq,32,32,0.00136
seq,32,1,0.001162
seq,32,2,0.001162
seq,32,4,0.001162
seq,32,8,0.001162
seq,32,16,0.001162
seq,32,32,0.001162
seq,32,1,0.001036
seq,32,2,0.001036
seq,32,4,0.001036
seq,32,8,0.001036
seq,32,16,0.001036
seq,32,32,0.001036
seq,32,1,0.001341
seq,32,2,0.001341
seq,32,4,0.001341
seq,32,8,0.001341
seq,32,16,0.001341
seq,32,32,0.001341
seq,64,1,0.004769
seq,64,2,0.004769
seq,64,4,0.004769
seq,64,8,0.004769
seq,64,16,0.004769
seq,64,32,0.004769
seq,64,1,0.005493
seq,64,2,0.005493
seq,64,4,0.005493
seq,64,8,0.005493
seq,64,16,0.005493
seq,64,32,0.005493
seq,64,1,0.003742
seq,64,2,0.003742
seq,64,4,0.003742
seq,64,8,0.003742
seq,64,16,0.003742
seq,64,32,0.003742
seq,64,1,0.005275
seq,64,2,0.005275
seq,64,4,0.005275
seq,64,8,0.005275
seq,64,16,0.005275
seq,64,32,0.005275
seq,64,1,0.005161
seq,64,2,0.005161
seq,64,4,0.005161
seq,64,8,0.005161
seq,64,16,0.005161
seq,64,32,0.005161
seq,64,1,0.003784
seq,64,2,0.003784
seq,64,4,0.003784
seq,64,8,0.003784
seq,64,16,0.003784
seq,64,32,0.003784
seq,64,1,0.005107
seq,64,2,0.005107
seq,64,4,0.005107
seq,64,8,0.005107
seq,64,16,0.005107
seq,64,32,0.005107
seq,64,1,0.00377
seq,64,2,0.00377
seq,64,4,0.00377
seq,64,8,0.00377
seq,64,16,0.00377
seq,64,32,0.00377
seq,64,1,0.00513
seq,64,2,0.00513
seq,64,4,0.00513
seq,64,8,0.00513
seq,64,16,0.00513
seq,64,32,0.00513
seq,64,1,0.004198
seq,64,2,0.004198
seq,64,4,0.004198
seq,64,8,0.004198
seq,64,16,0.004198
seq,64,32,0.004198
seq,64,1,0.005084
seq,64,2,0.005084
seq,64,4,0.005084
seq,64,8,0.005084
seq,64,16,0.005084
seq,64,32,0.005084
seq,64,1,0.004227
seq,64,2,0.004227
seq,64,4,0.004227
seq,64,8,0.004227
seq,64,16,0.004227
seq,64,32,0.004227
seq,64,1,0.005108
seq,64,2,0.005108
seq,64,4,0.005108
seq,64,8,0.005108
seq,64,16,0.005108
seq,64,32,0.005108
seq,64,1,0.004226
seq,64,2,0.004226
seq,64,4,0.004226
seq,64,8,0.004226
seq,64,16,0.004226
seq,64,32,0.004226
seq,64,1,0.005087
seq,64,2,0.005087
seq,64,4,0.005087
seq,64,8,0.005087
seq,64,16,0.005087
seq,64,32,0.005087
seq,64,1,0.004196
seq,64,2,0.004196
seq,64,4,0.004196
seq,64,8,0.004196
seq,64,16,0.004196
seq,64,32,0.004196
seq,64,1,0.005158
seq,64,2,0.005158
seq,64,4,0.005158
seq,64,8,0.005158
seq,64,16,0.005158
seq,64,32,0.005158
seq,64,1,0.004211
seq,64,2,0.004211
seq,64,4,0.004211
seq,64,8,0.004211
seq,64,16,0.004211
seq,64,32,0.004211
seq,64,1,0.005117
seq,64,2,0.005117
seq,64,4,0.005117
seq,64,8,0.005117
seq,64,16,0.005117
seq,64,32,0.005117
seq,64,1,0.004193
seq,64,2,0.004193
seq,64,4,0.004193
seq,64,8,0.004193
seq,64,16,0.004193
seq,64,32,0.004193
seq,64,1,0.005136
seq,64,2,0.005136
seq,64,4,0.005136
seq,64,8,0.005136
seq,64,16,0.005136
seq,64,32,0.005136
seq,64,1,0.004202
seq,64,2,0.004202
seq,64,4,0.004202
seq,64,8,0.004202
seq,64,16,0.004202
seq,64,32,0.004202
seq,64,1,0.005107
seq,64,2,0.005107
seq,64,4,0.005107
seq,64,8,0.005107
seq,64,16,0.005107
seq,64,32,0.005107
seq,64,1,0.00419
seq,64,2,0.00419
seq,64,4,0.00419
seq,64,8,0.00419
seq,64,16,0.00419
seq,64,32,0.00419
seq,64,1,0.0051
seq,64,2,0.0051
seq,64,4,0.0051
seq,64,8,0.0051
seq,64,16,0.0051
seq,64,32,0.0051
seq,64,1,0.004194
seq,64,2,0.004194
seq,64,4,0.004194
seq,64,8,0.004194
seq,64,16,0.004194
seq,64,32,0.004194
seq,64,1,0.006428
seq,64,2,0.006428
seq,64,4,0.006428
seq,64,8,0.006428
seq,64,16,0.006428
seq,64,32,0.006428
seq,64,1,0.004208
seq,64,2,0.004208
seq,64,4,0.004208
seq,64,8,0.004208
seq,64,16,0.004208
seq,64,32,0.004208
seq,64,1,0.005503
seq,64,2,0.005503
seq,64,4,0.005503
seq,64,8,0.005503
seq,64,16,0.005503
seq,64,32,0.005503
seq,64,1,0.0042
seq,64,2,0.0042
seq,64,4,0.0042
seq,64,8,0.0042
seq,64,16,0.0042
seq,64,32,0.0042
seq,128,1,0.020422
seq,128,2,0.020422
seq,128,4,0.020422
seq,128,8,0.020422
seq,128,16,0.020422
seq,128,32,0.020422
seq,128,1,0.018711
seq,128,2,0.018711
seq,128,4,0.018711
seq,128,8,0.018711
seq,128,16,0.018711
seq,128,32,0.018711
seq,128,1,0.019817
seq,128,2,0.019817
seq,128,4,0.019817
seq,128,8,0.019817
seq,128,16,0.019817
seq,128,32,0.019817
seq,128,1,0.018631
seq,128,2,0.018631
seq,128,4,0.018631
seq,128,8,0.018631
seq,128,16,0.018631
seq,128,32,0.018631
seq,128,1,0.017568
seq,128,2,0.017568
seq,128,4,0.017568
seq,128,8,0.017568
seq,128,16,0.017568
seq,128,32,0.017568
seq,128,1,0.021116
seq,128,2,0.021116
seq,128,4,0.021116
seq,128,8,0.021116
seq,128,16,0.021116
seq,128,32,0.021116
seq,128,1,0.016904
seq,128,2,0.016904
seq,128,4,0.016904
seq,128,8,0.016904
seq,128,16,0.016904
seq,128,32,0.016904
seq,128,1,0.016933
seq,128,2,0.016933
seq,128,4,0.016933
seq,128,8,0.016933
seq,128,16,0.016933
seq,128,32,0.016933
seq,128,1,0.018034
seq,128,2,0.018034
seq,128,4,0.018034
seq,128,8,0.018034
seq,128,16,0.018034
seq,128,32,0.018034
seq,128,1,0.016905
seq,128,2,0.016905
seq,128,4,0.016905
seq,128,8,0.016905
seq,128,16,0.016905
seq,128,32,0.016905
seq,128,1,0.021291
seq,128,2,0.021291
seq,128,4,0.021291
seq,128,8,0.021291
seq,128,16,0.021291
seq,128,32,0.021291
seq,128,1,0.016911
seq,128,2,0.016911
seq,128,4,0.016911
seq,128,8,0.016911
seq,128,16,0.016911
seq,128,32,0.016911
seq,128,1,0.018657
seq,128,2,0.018657
seq,128,4,0.018657
seq,128,8,0.018657
seq,128,16,0.018657
seq,128,32,0.018657
seq,128,1,0.016906
seq,128,2,0.016906
seq,128,4,0.016906
seq,128,8,0.016906
seq,128,16,0.016906
seq,128,32,0.016906
seq,128,1,0.018598
seq,128,2,0.018598
seq,128,4,0.018598
seq,128,8,0.018598
seq,128,16,0.018598
seq,128,32,0.018598
seq,128,1,0.01691
seq,128,2,0.01691
seq,128,4,0.01691
seq,128,8,0.01691
seq,128,16,0.01691
seq,128,32,0.01691
seq,128,1,0.018656
seq,128,2,0.018656
seq,128,4,0.018656
seq,128,8,0.018656
seq,128,16,0.018656
seq,128,32,0.018656
seq,128,1,0.016922
seq,128,2,0.016922
seq,128,4,0.016922
seq,128,8,0.016922
seq,128,16,0.016922
seq,128,32,0.016922
seq,128,1,0.018637
seq,128,2,0.018637
seq,128,4,0.018637
seq,128,8,0.018637
seq,128,16,0.018637
seq,128,32,0.018637
seq,128,1,0.021704
seq,128,2,0.021704
seq,128,4,0.021704
seq,128,8,0.021704
seq,128,16,0.021704
seq,128,32,0.021704
seq,128,1,0.018177
seq,128,2,0.018177
seq,128,4,0.018177
seq,128,8,0.018177
seq,128,16,0.018177
seq,128,32,0.018177
seq,128,1,0.015332
seq,128,2,0.015332
seq,128,4,0.015332
seq,128,8,0.015332
seq,128,16,0.015332
seq,128,32,0.015332
seq,128,1,0.018621
seq,128,2,0.018621
seq,128,4,0.018621
seq,128,8,0.018621
seq,128,16,0.018621
seq,128,32,0.018621
seq,128,1,0.015212
seq,128,2,0.015212
seq,128,4,0.015212
seq,128,8,0.015212
seq,128,16,0.015212
seq,128,32,0.015212
seq,128,1,0.01862
seq,128,2,0.01862
seq,128,4,0.01862
seq,128,8,0.01862
seq,128,16,0.01862
seq,128,32,0.01862
seq,128,1,0.015673
seq,128,2,0.015673
seq,128,4,0.015673
seq,128,8,0.015673
seq,128,16,0.015673
seq,128,32,0.015673
seq,128,1,0.018614
seq,128,2,0.018614
seq,128,4,0.018614
seq,128,8,0.018614
seq,128,16,0.018614
seq,128,32,0.018614
seq,128,1,0.015226
seq,128,2,0.015226
seq,128,4,0.015226
seq,128,8,0.015226
seq,128,16,0.015226
seq,128,32,0.015226
seq,128,1,0.015551
seq,128,2,0.015551
seq,128,4,0.015551
seq,128,8,0.015551
seq,128,16,0.015551
seq,128,32,0.015551
seq,128,1,0.018566
seq,128,2,0.018566
seq,128,4,0.018566
seq,128,8,0.018566
seq,128,16,0.018566
seq,128,32,0.018566
seq,256,1,0.061829
seq,256,2,0.061829
seq,256,4,0.061829
seq,256,8,0.061829
seq,256,16,0.061829
seq,256,32,0.061829
seq,256,1,0.069862
seq,256,2,0.069862
seq,256,4,0.069862
seq,256,8,0.069862
seq,256,16,0.069862
seq,256,32,0.069862
seq,256,1,0.070239
seq,256,2,0.070239
seq,256,4,0.070239
seq,256,8,0.070239
seq,256,16,0.070239
seq,256,32,0.070239
seq,256,1,0.070339
seq,256,2,0.070339
seq,256,4,0.070339
seq,256,8,0.070339
seq,256,16,0.070339
seq,256,32,0.070339
seq,256,1,0.070153
seq,256,2,0.070153
seq,256,4,0.070153
seq,256,8,0.070153
seq,256,16,0.070153
seq,256,32,0.070153
seq,256,1,0.069794
seq,256,2,0.069794
seq,256,4,0.069794
seq,256,8,0.069794
seq,256,16,0.069794
seq,256,32,0.069794
seq,256,1,0.070441
seq,256,2,0.070441
seq,256,4,0.070441
seq,256,8,0.070441
seq,256,16,0.070441
seq,256,32,0.070441
seq,256,1,0.07057
seq,256,2,0.07057
seq,256,4,0.07057
seq,256,8,0.07057
seq,256,16,0.07057
seq,256,32,0.07057
seq,256,1,0.070663
seq,256,2,0.070663
seq,256,4,0.070663
seq,256,8,0.070663
seq,256,16,0.070663
seq,256,32,0.070663
seq,256,1,0.070132
seq,256,2,0.070132
seq,256,4,0.070132
seq,256,8,0.070132
seq,256,16,0.070132
seq,256,32,0.070132
seq,256,1,0.066415
seq,256,2,0.066415
seq,256,4,0.066415
seq,256,8,0.066415
seq,256,16,0.066415
seq,256,32,0.066415
seq,256,1,0.062654
seq,256,2,0.062654
seq,256,4,0.062654
seq,256,8,0.062654
seq,256,16,0.062654
seq,256,32,0.062654
seq,256,1,0.062265
seq,256,2,0.062265
seq,256,4,0.062265
seq,256,8,0.062265
seq,256,16,0.062265
seq,256,32,0.062265
seq,256,1,0.062039
seq,256,2,0.062039
seq,256,4,0.062039
seq,256,8,0.062039
seq,256,16,0.062039
seq,256,32,0.062039
seq,256,1,0.070563
seq,256,2,0.070563
seq,256,4,0.070563
seq,256,8,0.070563
seq,256,16,0.070563
seq,256,32,0.070563
seq,256,1,0.070134
seq,256,2,0.070134
seq,256,4,0.070134
seq,256,8,0.070134
seq,256,16,0.070134
seq,256,32,0.070134
seq,256,1,0.069701
seq,256,2,0.069701
seq,256,4,0.069701
seq,256,8,0.069701
seq,256,16,0.069701
seq,256,32,0.069701
seq,256,1,0.068152
seq,256,2,0.068152
seq,256,4,0.068152
seq,256,8,0.068152
seq,256,16,0.068152
seq,256,32,0.068152
seq,256,1,0.062776
seq,256,2,0.062776
seq,256,4,0.062776
seq,256,8,0.062776
seq,256,16,0.062776
seq,256,32,0.062776
seq,256,1,0.070261
seq,256,2,0.070261
seq,256,4,0.070261
seq,256,8,0.070261
seq,256,16,0.070261
seq,256,32,0.070261
seq,256,1,0.069135
seq,256,2,0.069135
seq,256,4,0.069135
seq,256,8,0.069135
seq,256,16,0.069135
seq,256,32,0.069135
seq,256,1,0.061442
seq,256,2,0.061442
seq,256,4,0.061442
seq,256,8,0.061442
seq,256,16,0.061442
seq,256,32,0.061442
seq,256,1,0.069023
seq,256,2,0.069023
seq,256,4,0.069023
seq,256,8,0.069023
seq,256,16,0.069023
seq,256,32,0.069023
seq,256,1,0.070339
seq,256,2,0.070339
seq,256,4,0.070339
seq,256,8,0.070339
seq,256,16,0.070339
seq,256,32,0.070339
seq,256,1,0.070019
seq,256,2,0.070019
seq,256,4,0.070019
seq,256,8,0.070019
seq,256,16,0.070019
seq,256,32,0.070019
seq,256,1,0.068624
seq,256,2,0.068624
seq,256,4,0.068624
seq,256,8,0.068624
seq,256,16,0.068624
seq,256,32,0.068624
seq,256,1,0.068161
seq,256,2,0.068161
seq,256,4,0.068161
seq,256,8,0.068161
seq,256,16,0.068161
seq,256,32,0.068161
seq,256,1,0.061413
seq,256,2,0.061413
seq,256,4,0.061413
seq,256,8,0.061413
seq,256,16,0.061413
seq,256,32,0.061413
seq,256,1,0.069495
seq,256,2,0.069495
seq,256,4,0.069495
seq,256,8,0.069495
seq,256,16,0.069495
seq,256,32,0.069495
seq,256,1,0.069613
seq,256,2,0.069613
seq,256,4,0.069613
seq,256,8,0.069613
seq,256,16,0.069613
seq,256,32,0.069613
seq,512,1,0.253203
seq,512,2,0.253203
seq,512,4,0.253203
seq,512,8,0.253203
seq,512,16,0.253203
seq,512,32,0.253203
seq,512,1,0.25373
seq,512,2,0.25373
seq,512,4,0.25373
seq,512,8,0.25373
seq,512,16,0.25373
seq,512,32,0.25373
seq,512,1,0.254156
seq,512,2,0.254156
seq,512,4,0.254156
seq,512,8,0.254156
seq,512,16,0.254156
seq,512,32,0.254156
seq,512,1,0.254052
seq,512,2,0.254052
seq,512,4,0.254052
seq,512,8,0.254052
seq,512,16,0.254052
seq,512,32,0.254052
seq,512,1,0.255511
seq,512,2,0.255511
seq,512,4,0.255511
seq,512,8,0.255511
seq,512,16,0.255511
seq,512,32,0.255511
seq,512,1,0.254135
seq,512,2,0.254135
seq,512,4,0.254135
seq,512,8,0.254135
seq,512,16,0.254135
seq,512,32,0.254135
seq,512,1,0.248174
seq,512,2,0.248174
seq,512,4,0.248174
seq,512,8,0.248174
seq,512,16,0.248174
seq,512,32,0.248174
seq,512,1,0.254425
seq,512,2,0.254425
seq,512,4,0.254425
seq,512,8,0.254425
seq,512,16,0.254425
seq,512,32,0.254425
seq,512,1,0.253287
seq,512,2,0.253287
seq,512,4,0.253287
seq,512,8,0.253287
seq,512,16,0.253287
seq,512,32,0.253287
seq,512,1,0.25357
seq,512,2,0.25357
seq,512,4,0.25357
seq,512,8,0.25357
seq,512,16,0.25357
seq,512,32,0.25357
seq,512,1,0.255409
seq,512,2,0.255409
seq,512,4,0.255409
seq,512,8,0.255409
seq,512,16,0.255409
seq,512,32,0.255409
seq,512,1,0.252843
seq,512,2,0.252843
seq,512,4,0.252843
seq,512,8,0.252843
seq,512,16,0.252843
seq,512,32,0.252843
seq,512,1,0.254298
seq,512,2,0.254298
seq,512,4,0.254298
seq,512,8,0.254298
seq,512,16,0.254298
seq,512,32,0.254298
seq,512,1,0.253134
seq,512,2,0.253134
seq,512,4,0.253134
seq,512,8,0.253134
seq,512,16,0.253134
seq,512,32,0.253134
seq,512,1,0.25997
seq,512,2,0.25997
seq,512,4,0.25997
seq,512,8,0.25997
seq,512,16,0.25997
seq,512,32,0.25997
seq,512,1,0.244914
seq,512,2,0.244914
seq,512,4,0.244914
seq,512,8,0.244914
seq,512,16,0.244914
seq,512,32,0.244914
seq,512,1,0.252885
seq,512,2,0.252885
seq,512,4,0.252885
seq,512,8,0.252885
seq,512,16,0.252885
seq,512,32,0.252885
seq,512,1,0.245991
seq,512,2,0.245991
seq,512,4,0.245991
seq,512,8,0.245991
seq,512,16,0.245991
seq,512,32,0.245991
seq,512,1,0.254069
seq,512,2,0.254069
seq,512,4,0.254069
seq,512,8,0.254069
seq,512,16,0.254069
seq,512,32,0.254069
seq,512,1,0.254047
seq,512,2,0.254047
seq,512,4,0.254047
seq,512,8,0.254047
seq,512,16,0.254047
seq,512,32,0.254047
seq,512,1,0.245733
seq,512,2,0.245733
seq,512,4,0.245733
seq,512,8,0.245733
seq,512,16,0.245733
seq,512,32,0.245733
seq,512,1,0.246234
seq,512,2,0.246234
seq,512,4,0.246234
seq,512,8,0.246234
seq,512,16,0.246234
seq,512,32,0.246234
seq,512,1,0.25472
seq,512,2,0.25472
seq,512,4,0.25472
seq,512,8,0.25472
seq,512,16,0.25472
seq,512,32,0.25472
seq,512,1,0.254262
seq,512,2,0.254262
seq,512,4,0.254262
seq,512,8,0.254262
seq,512,16,0.254262
seq,512,32,0.254262
seq,512,1,0.254497
seq,512,2,0.254497
seq,512,4,0.254497
seq,512,8,0.254497
seq,512,16,0.254497
seq,512,32,0.254497
seq,512,1,0.246099
seq,512,2,0.246099
seq,512,4,0.246099
seq,512,8,0.246099
seq,512,16,0.246099
seq,512,32,0.246099
seq,512,1,0.24665
seq,512,2,0.24665
seq,512,4,0.24665
seq,512,8,0.24665
seq,512,16,0.24665
seq,512,32,0.24665
seq,512,1,0.253544
seq,512,2,0.253544
seq,512,4,0.253544
seq,512,8,0.253544
seq,512,16,0.253544
seq,512,32,0.253544
seq,512,1,0.254021
seq,512,2,0.254021
seq,512,4,0.254021
seq,512,8,0.254021
seq,512,16,0.254021
seq,512,32,0.254021
seq,512,1,0.245712
seq,512,2,0.245712
seq,512,4,0.245712
seq,512,8,0.245712
seq,512,16,0.245712
seq,512,32,0.245712
seq,1024,1,0.98176
seq,1024,2,0.98176
seq,1024,4,0.98176
seq,1024,8,0.98176
seq,1024,16,0.98176
seq,1024,32,0.98176
seq,1024,1,0.99344
seq,1024,2,0.99344
seq,1024,4,0.99344
seq,1024,8,0.99344
seq,1024,16,0.99344
seq,1024,32,0.99344
seq,1024,1,0.988844
seq,1024,2,0.988844
seq,1024,4,0.988844
seq,1024,8,0.988844
seq,1024,16,0.988844
seq,1024,32,0.988844
seq,1024,1,0.98968
seq,1024,2,0.98968
seq,1024,4,0.98968
seq,1024,8,0.98968
seq,1024,16,0.98968
seq,1024,32,0.98968
seq,1024,1,0.98164
seq,1024,2,0.98164
seq,1024,4,0.98164
seq,1024,8,0.98164
seq,1024,16,0.98164
seq,1024,32,0.98164
seq,1024,1,0.989005
seq,1024,2,0.989005
seq,1024,4,0.989005
seq,1024,8,0.989005
seq,1024,16,0.989005
seq,1024,32,0.989005
seq,1024,1,0.994488
seq,1024,2,0.994488
seq,1024,4,0.994488
seq,1024,8,0.994488
seq,1024,16,0.994488
seq,1024,32,0.994488
seq,1024,1,0.985247
seq,1024,2,0.985247
seq,1024,4,0.985247
seq,1024,8,0.985247
seq,1024,16,0.985247
seq,1024,32,0.985247
seq,1024,1,0.981843
seq,1024,2,0.981843
seq,1024,4,0.981843
seq,1024,8,0.981843
seq,1024,16,0.981843
seq,1024,32,0.981843
seq,1024,1,0.990348
seq,1024,2,0.990348
seq,1024,4,0.990348
seq,1024,8,0.990348
seq,1024,16,0.990348
seq,1024,32,0.990348
seq,1024,1,0.989547
seq,1024,2,0.989547
seq,1024,4,0.989547
seq,1024,8,0.989547
seq,1024,16,0.989547
seq,1024,32,0.989547
seq,1024,1,0.986303
seq,1024,2,0.986303
seq,1024,4,0.986303
seq,1024,8,0.986303
seq,1024,16,0.986303
seq,1024,32,0.986303
seq,1024,1,0.990324
seq,1024,2,0.990324
seq,1024,4,0.990324
seq,1024,8,0.990324
seq,1024,16,0.990324
seq,1024,32,0.990324
seq,1024,1,0.990968
seq,1024,2,0.990968
seq,1024,4,0.990968
seq,1024,8,0.990968
seq,1024,16,0.990968
seq,1024,32,0.990968
seq,1024,1,0.99036
seq,1024,2,0.99036
seq,1024,4,0.99036
seq,1024,8,0.99036
seq,1024,16,0.99036
seq,1024,32,0.99036
seq,1024,1,0.989367
seq,1024,2,0.989367
seq,1024,4,0.989367
seq,1024,8,0.989367
seq,1024,16,0.989367
seq,1024,32,0.989367
seq,1024,1,0.986816
seq,1024,2,0.986816
seq,1024,4,0.986816
seq,1024,8,0.986816
seq,1024,16,0.986816
seq,1024,32,0.986816
seq,1024,1,0.99622
seq,1024,2,0.99622
seq,1024,4,0.99622
seq,1024,8,0.99622
seq,1024,16,0.99622
seq,1024,32,0.99622
seq,1024,1,0.98199
seq,1024,2,0.98199
seq,1024,4,0.98199
seq,1024,8,0.98199
seq,1024,16,0.98199
seq,1024,32,0.98199
seq,1024,1,0.990452
seq,1024,2,0.990452
seq,1024,4,0.990452
seq,1024,8,0.990452
seq,1024,16,0.990452
seq,1024,32,0.990452
seq,1024,1,0.98949
seq,1024,2,0.98949
seq,1024,4,0.98949
seq,1024,8,0.98949
seq,1024,16,0.98949
seq,1024,32,0.98949
seq,1024,1,0.987995
seq,1024,2,0.987995
seq,1024,4,0.987995
seq,1024,8,0.987995
seq,1024,16,0.987995
seq,1024,32,0.987995
seq,1024,1,0.990413
seq,1024,2,0.990413
seq,1024,4,0.990413
seq,1024,8,0.990413
seq,1024,16,0.990413
seq,1024,32,0.990413
seq,1024,1,0.990067
seq,1024,2,0.990067
seq,1024,4,0.990067
seq,1024,8,0.990067
seq,1024,16,0.990067
seq,1024,32,0.990067
seq,1024,1,0.994302
seq,1024,2,0.994302
seq,1024,4,0.994302
seq,1024,8,0.994302
seq,1024,16,0.994302
seq,1024,32,0.994302
seq,1024,1,0.982482
seq,1024,2,0.982482
seq,1024,4,0.982482
seq,1024,8,0.982482
seq,1024,16,0.982482
seq,1024,32,0.982482
seq,1024,1,0.998353
seq,1024,2,0.998353
seq,1024,4,0.998353
seq,1024,8,0.998353
seq,1024,16,0.998353
seq,1024,32,0.998353
seq,1024,1,0.989208
seq,1024,2,0.989208
seq,1024,4,0.989208
seq,1024,8,0.989208
seq,1024,16,0.989208
seq,1024,32,0.989208
seq,1024,1,0.982743
seq,1024,2,0.982743
seq,1024,4,0.982743
seq,1024,8,0.982743
seq,1024,16,0.982743
seq,1024,32,0.982743
seq,1024,1,0.9895
seq,1024,2,0.9895
seq,1024,4,0.9895
seq,1024,8,0.9895
seq,1024,16,0.9895
seq,1024,32,0.9895
seq,2048,1,3.953908
seq,2048,2,3.953908
seq,2048,4,3.953908
seq,2048,8,3.953908
seq,2048,16,3.953908
seq,2048,32,3.953908
seq,2048,1,3.9549
seq,2048,2,3.9549
seq,2048,4,3.9549
seq,2048,8,3.9549
seq,2048,16,3.9549
seq,2048,32,3.9549
seq,2048,1,3.948532
seq,2048,2,3.948532
seq,2048,4,3.948532
seq,2048,8,3.948532
seq,2048,16,3.948532
seq,2048,32,3.948532
seq,2048,1,3.952236
seq,2048,2,3.952236
seq,2048,4,3.952236
seq,2048,8,3.952236
seq,2048,16,3.952236
seq,2048,32,3.952236
seq,2048,1,3.952164
seq,2048,2,3.952164
seq,2048,4,3.952164
seq,2048,8,3.952164
seq,2048,16,3.952164
seq,2048,32,3.952164
seq,2048,1,3.955943
seq,2048,2,3.955943
seq,2048,4,3.955943
seq,2048,8,3.955943
seq,2048,16,3.955943
seq,2048,32,3.955943
seq,2048,1,3.954115
seq,2048,2,3.954115
seq,2048,4,3.954115
seq,2048,8,3.954115
seq,2048,16,3.954115
seq,2048,32,3.954115
seq,2048,1,3.947962
seq,2048,2,3.947962
seq,2048,4,3.947962
seq,2048,8,3.947962
seq,2048,16,3.947962
seq,2048,32,3.947962
seq,2048,1,3.95444
seq,2048,2,3.95444
seq,2048,4,3.95444
seq,2048,8,3.95444
seq,2048,16,3.95444
seq,2048,32,3.95444
seq,2048,1,4.001348
seq,2048,2,4.001348
seq,2048,4,4.001348
seq,2048,8,4.001348
seq,2048,16,4.001348
seq,2048,32,4.001348
seq,2048,1,4.051896
seq,2048,2,4.051896
seq,2048,4,4.051896
seq,2048,8,4.051896
seq,2048,16,4.051896
seq,2048,32,4.051896
seq,2048,1,4.002044
seq,2048,2,4.002044
seq,2048,4,4.002044
seq,2048,8,4.002044
seq,2048,16,4.002044
seq,2048,32,4.002044
seq,2048,1,3.980373
seq,2048,2,3.980373
seq,2048,4,3.980373
seq,2048,8,3.980373
seq,2048,16,3.980373
seq,2048,32,3.980373
seq,2048,1,4.014948
seq,2048,2,4.014948
seq,2048,4,4.014948
seq,2048,8,4.014948
seq,2048,16,4.014948
seq,2048,32,4.014948
seq,2048,1,3.963054
seq,2048,2,3.963054
seq,2048,4,3.963054
seq,2048,8,3.963054
seq,2048,16,3.963054
seq,2048,32,3.963054
seq,2048,1,3.953365
seq,2048,2,3.953365
seq,2048,4,3.953365
seq,2048,8,3.953365
seq,2048,16,3.953365
seq,2048,32,3.953365
seq,2048,1,3.951509
seq,2048,2,3.951509
seq,2048,4,3.951509
seq,2048,8,3.951509
seq,2048,16,3.951509
seq,2048,32,3.951509
seq,2048,1,3.952805
seq,2048,2,3.952805
seq,2048,4,3.952805
seq,2048,8,3.952805
seq,2048,16,3.952805
seq,2048,32,3.952805
seq,2048,1,3.953134
seq,2048,2,3.953134
seq,2048,4,3.953134
seq,2048,8,3.953134
seq,2048,16,3.953134
seq,2048,32,3.953134
seq,2048,1,3.955824
seq,2048,2,3.955824
seq,2048,4,3.955824
seq,2048,8,3.955824
seq,2048,16,3.955824
seq,2048,32,3.955824
seq,2048,1,3.943395
seq,2048,2,3.943395
seq,2048,4,3.943395
seq,2048,8,3.943395
seq,2048,16,3.943395
seq,2048,32,3.943395
seq,2048,1,3.949427
seq,2048,2,3.949427
seq,2048,4,3.949427
seq,2048,8,3.949427
seq,2048,16,3.949427
seq,2048,32,3.949427
seq,2048,1,3.95283
seq,2048,2,3.95283
seq,2048,4,3.95283
seq,2048,8,3.95283
seq,2048,16,3.95283
seq,2048,32,3.95283
seq,2048,1,3.958838
seq,2048,2,3.958838
seq,2048,4,3.958838
seq,2048,8,3.958838
seq,2048,16,3.958838
seq,2048,32,3.958838
seq,2048,1,3.955559
seq,2048,2,3.955559
seq,2048,4,3.955559
seq,2048,8,3.955559
seq,2048,16,3.955559
seq,2048,32,3.955559
seq,2048,1,3.945922
seq,2048,2,3.945922
seq,2048,4,3.945922
seq,2048,8,3.945922
seq,2048,16,3.945922
seq,2048,32,3.945922
seq,2048,1,3.958944
seq,2048,2,3.958944
seq,2048,4,3.958944
seq,2048,8,3.958944
seq,2048,16,3.958944
seq,2048,32,3.958944
seq,2048,1,3.952348
seq,2048,2,3.952348
seq,2048,4,3.952348
seq,2048,8,3.952348
seq,2048,16,3.952348
seq,2048,32,3.952348
seq,2048,1,3.948672
seq,2048,2,3.948672
seq,2048,4,3.948672
seq,2048,8,3.948672
seq,2048,16,3.948672
seq,2048,32,3.948672
seq,2048,1,3.946764
seq,2048,2,3.946764
seq,2048,4,3.946764
seq,2048,8,3.946764
seq,2048,16,3.946764
seq,2048,32,3.946764
seq,4096,1,15.774654
seq,4096,2,15.774654
seq,4096,4,15.774654
seq,4096,8,15.774654
seq,4096,16,15.774654
seq,4096,32,15.774654
seq,4096,1,15.782294
seq,4096,2,15.782294
seq,4096,4,15.782294
seq,4096,8,15.782294
seq,4096,16,15.782294
seq,4096,32,15.782294
seq,4096,1,15.784915
seq,4096,2,15.784915
seq,4096,4,15.784915
seq,4096,8,15.784915
seq,4096,16,15.784915
seq,4096,32,15.784915
seq,4096,1,15.774258
seq,4096,2,15.774258
seq,4096,4,15.774258
seq,4096,8,15.774258
seq,4096,16,15.774258
seq,4096,32,15.774258
seq,4096,1,15.796163
seq,4096,2,15.796163
seq,4096,4,15.796163
seq,4096,8,15.796163
seq,4096,16,15.796163
seq,4096,32,15.796163
seq,4096,1,15.778647
seq,4096,2,15.778647
seq,4096,4,15.778647
seq,4096,8,15.778647
seq,4096,16,15.778647
seq,4096,32,15.778647
seq,4096,1,15.788822
seq,4096,2,15.788822
seq,4096,4,15.788822
seq,4096,8,15.788822
seq,4096,16,15.788822
seq,4096,32,15.788822
seq,4096,1,15.771996
seq,4096,2,15.771996
seq,4096,4,15.771996
seq,4096,8,15.771996
seq,4096,16,15.771996
seq,4096,32,15.771996
seq,4096,1,15.783576
seq,4096,2,15.783576
seq,4096,4,15.783576
seq,4096,8,15.783576
seq,4096,16,15.783576
seq,4096,32,15.783576
seq,4096,1,15.771001
seq,4096,2,15.771001
seq,4096,4,15.771001
seq,4096,8,15.771001
seq,4096,16,15.771001
seq,4096,32,15.771001
seq,4096,1,15.789257
seq,4096,2,15.789257
seq,4096,4,15.789257
seq,4096,8,15.789257
seq,4096,16,15.789257
seq,4096,32,15.789257
seq,4096,1,15.773789
seq,4096,2,15.773789
seq,4096,4,15.773789
seq,4096,8,15.773789
seq,4096,16,15.773789
seq,4096,32,15.773789
seq,4096,1,15.784823
seq,4096,2,15.784823
seq,4096,4,15.784823
seq,4096,8,15.784823
seq,4096,16,15.784823
seq,4096,32,15.784823
seq,4096,1,15.774511
seq,4096,2,15.774511
seq,4096,4,15.774511
seq,4096,8,15.774511
seq,4096,16,15.774511
seq,4096,32,15.774511
seq,4096,1,15.897499
seq,4096,2,15.897499
seq,4096,4,15.897499
seq,4096,8,15.897499
seq,4096,16,15.897499
seq,4096,32,15.897499
seq,4096,1,15.777976
seq,4096,2,15.777976
seq,4096,4,15.777976
seq,4096,8,15.777976
seq,4096,16,15.777976
seq,4096,32,15.777976
seq,4096,1,15.788531
seq,4096,2,15.788531
seq,4096,4,15.788531
seq,4096,8,15.788531
seq,4096,16,15.788531
seq,4096,32,15.788531
seq,4096,1,15.789766
seq,4096,2,15.789766
seq,4096,4,15.789766
seq,4096,8,15.789766
seq,4096,16,15.789766
seq,4096,32,15.789766
seq,4096,1,15.791323
seq,4096,2,15.791323
seq,4096,4,15.791323
seq,4096,8,15.791323
seq,4096,16,15.791323
seq,4096,32,15.791323
seq,4096,1,15.774873
seq,4096,2,15.774873
seq,4096,4,15.774873
seq,4096,8,15.774873
seq,4096,16,15.774873
seq,4096,32,15.774873
seq,4096,1,15.789299
seq,4096,2,15.789299
seq,4096,4,15.789299
seq,4096,8,15.789299
seq,4096,16,15.789299
seq,4096,32,15.789299
seq,4096,1,15.777935
seq,4096,2,15.777935
seq,4096,4,15.777935
seq,4096,8,15.777935
seq,4096,16,15.777935
seq,4096,32,15.777935
seq,4096,1,15.778086
seq,4096,2,15.778086
seq,4096,4,15.778086
seq,4096,8,15.778086
seq,4096,16,15.778086
seq,4096,32,15.778086
seq,4096,1,15.787414
seq,4096,2,15.787414
seq,4096,4,15.787414
seq,4096,8,15.787414
seq,4096,16,15.787414
seq,4096,32,15.787414
seq,4096,1,15.785396
seq,4096,2,15.785396
seq,4096,4,15.785396
seq,4096,8,15.785396
seq,4096,16,15.785396
seq,4096,32,15.785396
seq,4096,1,15.788177
seq,4096,2,15.788177
seq,4096,4,15.788177
seq,4096,8,15.788177
seq,4096,16,15.788177
seq,4096,32,15.788177
seq,4096,1,15.77262
seq,4096,2,15.77262
seq,4096,4,15.77262
seq,4096,8,15.77262
seq,4096,16,15.77262
seq,4096,32,15.77262
seq,4096,1,15.789477
seq,4096,2,15.789477
seq,4096,4,15.789477
seq,4096,8,15.789477
seq,4096,16,15.789477
seq,4096,32,15.789477
seq,4096,1,15.77378
seq,4096,2,15.77378
seq,4096,4,15.77378
seq,4096,8,15.77378
seq,4096,16,15.77378
seq,4096,32,15.77378
seq,4096,1,15.790606
seq,4096,2,15.790606
seq,4096,4,15.790606
seq,4096,8,15.790606
seq,4096,16,15.790606
seq,4096,32,15.790606
omp,32,1,0.001109
omp,32,1,0.002067
omp,32,1,0.00109
omp,32,1,0.001564
omp,32,1,0.001034
omp,32,1,0.002308
omp,32,1,0.001565
omp,32,1,0.001455
omp,32,1,0.001566
omp,32,1,0.001032
omp,32,1,0.001449
omp,32,1,0.001566
omp,32,1,0.001466
omp,32,1,0.001509
omp,32,1,0.001504
omp,32,1,0.001461
omp,32,1,0.001033
omp,32,1,0.002447
omp,32,1,0.001504
omp,32,1,0.00164
omp,32,1,0.001506
omp,32,1,0.001075
omp,32,1,0.001565
omp,32,1,0.001564
omp,32,1,0.001515
omp,32,1,0.001566
omp,32,1,0.00103
omp,32,1,0.001509
omp,32,1,0.001257
omp,32,1,0.001452
omp,32,2,0.00063
omp,32,2,0.000608
omp,32,2,0.000626
omp,32,2,0.000597
omp,32,2,0.000578
omp,32,2,0.00065
omp,32,2,0.000596
omp,32,2,0.000773
omp,32,2,0.000603
omp,32,2,0.00063
omp,32,2,0.000602
omp,32,2,0.000605
omp,32,2,0.000607
omp,32,2,0.000605
omp,32,2,0.000595
omp,32,2,0.00059
omp,32,2,0.000612
omp,32,2,0.000619
omp,32,2,0.000607
omp,32,2,0.036349
omp,32,2,0.000629
omp,32,2,0.000721
omp,32,2,0.000632
omp,32,2,0.000619
omp,32,2,0.000621
omp,32,2,0.00059
omp,32,2,0.000602
omp,32,2,0.000638
omp,32,2,0.000628
omp,32,2,0.000613
omp,32,4,0.012364
omp,32,4,0.003377
omp,32,4,0.000412
omp,32,4,0.000398
omp,32,4,0.00039
omp,32,4,0.000401
omp,32,4,0.000412
omp,32,4,0.000953
omp,32,4,0.000395
omp,32,4,0.000388
omp,32,4,0.000497
omp,32,4,0.000427
omp,32,4,0.001721
omp,32,4,0.000399
omp,32,4,0.000388
omp,32,4,0.000407
omp,32,4,0.000395
omp,32,4,0.000399
omp,32,4,0.00039
omp,32,4,0.000402
omp,32,4,0.000403
omp,32,4,0.000399
omp,32,4,0.0004
omp,32,4,0.000411
omp,32,4,0.000406
omp,32,4,0.000396
omp,32,4,0.000401
omp,32,4,0.000407
omp,32,4,0.000399
omp,32,4,0.000394
omp,32,8,0.001481
omp,32,8,0.00227
omp,32,8,0.001305
omp,32,8,0.001273
omp,32,8,0.001282
omp,32,8,0.00146
omp,32,8,0.001871
omp,32,8,0.001272
omp,32,8,0.001297
omp,32,8,0.001442
omp,32,8,0.00156
omp,32,8,0.00125
omp,32,8,0.001249
omp,32,8,0.00128
omp,32,8,0.001277
omp,32,8,0.001257
omp,32,8,0.001391
omp,32,8,0.001277
omp,32,8,0.001259
omp,32,8,0.001261
omp,32,8,0.001705
omp,32,8,0.001274
omp,32,8,0.001273
omp,32,8,0.001302
omp,32,8,0.001308
omp,32,8,0.001298
omp,32,8,0.00135
omp,32,8,0.001328
omp,32,8,0.001318
omp,32,8,0.001519
omp,32,16,0.00282
omp,32,16,0.002824
omp,32,16,0.002281
omp,32,16,0.002656
omp,32,16,0.002614
omp,32,16,0.002586
omp,32,16,0.002669
omp,32,16,0.00265
omp,32,16,0.002757
omp,32,16,0.002599
omp,32,16,0.002397
omp,32,16,0.002273
omp,32,16,0.002167
omp,32,16,0.002426
omp,32,16,0.002558
omp,32,16,0.002242
omp,32,16,0.002329
omp,32,16,0.002473
omp,32,16,0.00303
omp,32,16,0.002469
omp,32,16,0.002464
omp,32,16,0.002212
omp,32,16,0.002599
omp,32,16,0.002577
omp,32,16,0.002501
omp,32,16,0.002385
omp,32,16,0.002202
omp,32,16,0.00238
omp,32,16,0.002204
omp,32,16,0.002207
omp,32,32,0.004429
omp,32,32,0.005532
omp,32,32,0.004083
omp,32,32,0.004302
omp,32,32,0.005672
omp,32,32,0.004462
omp,32,32,0.004086
omp,32,32,0.006244
omp,32,32,0.004228
omp,32,32,0.006018
omp,32,32,0.004661
omp,32,32,0.004319
omp,32,32,0.004119
omp,32,32,0.004613
omp,32,32,0.005387
omp,32,32,0.005958
omp,32,32,0.006318
omp,32,32,0.004113
omp,32,32,0.004056
omp,32,32,0.003926
omp,32,32,0.004633
omp,32,32,0.004319
omp,32,32,0.005061
omp,32,32,0.005249
omp,32,32,0.005636
omp,32,32,0.004342
omp,32,32,0.004652
omp,32,32,0.005982
omp,32,32,0.004426
omp,32,32,0.005353
omp,64,1,0.004296
omp,64,1,0.004247
omp,64,1,0.004127
omp,64,1,0.004127
omp,64,1,0.004155
omp,64,1,0.004147
omp,64,1,0.004134
omp,64,1,0.004145
omp,64,1,0.004266
omp,64,1,0.004147
omp,64,1,0.004208
omp,64,1,0.004222
omp,64,1,0.004224
omp,64,1,0.004169
omp,64,1,0.004342
omp,64,1,0.004263
omp,64,1,0.004125
omp,64,1,0.004141
omp,64,1,0.004125
omp,64,1,0.00413
omp,64,1,0.004128
omp,64,1,0.004148
omp,64,1,0.004371
omp,64,1,0.004537
omp,64,1,0.004399
omp,64,1,0.004341
omp,64,1,0.004226
omp,64,1,0.004127
omp,64,1,0.004128
omp,64,1,0.004126
omp,64,2,0.002185
omp,64,2,0.002257
omp,64,2,0.002261
omp,64,2,0.002186
omp,64,2,0.002172
omp,64,2,0.002166
omp,64,2,0.002196
omp,64,2,0.002253
omp,64,2,0.002183
omp,64,2,0.002213
omp,64,2,0.002269
omp,64,2,0.00219
omp,64,2,0.002245
omp,64,2,0.002301
omp,64,2,0.002203
omp,64,2,0.00217
omp,64,2,0.002135
omp,64,2,0.002181
omp,64,2,0.002162
omp,64,2,0.002136
omp,64,2,0.002138
omp,64,2,0.00216
omp,64,2,0.002321
omp,64,2,0.002448
omp,64,2,0.002265
omp,64,2,0.002136
omp,64,2,0.002223
omp,64,2,0.002167
omp,64,2,0.002179
omp,64,2,0.00219
omp,64,4,0.001836
omp,64,4,0.001347
omp,64,4,0.001218
omp,64,4,0.001241
omp,64,4,0.001325
omp,64,4,0.001227
omp,64,4,0.001217
omp,64,4,0.001609
omp,64,4,0.00123
omp,64,4,0.001364
omp,64,4,0.00123
omp,64,4,0.001241
omp,64,4,0.001231
omp,64,4,0.001228
omp,64,4,0.001229
omp,64,4,0.001231
omp,64,4,0.00123
omp,64,4,0.001226
omp,64,4,0.001228
omp,64,4,0.001229
omp,64,4,0.001226
omp,64,4,0.001216
omp,64,4,0.001225
omp,64,4,0.00122
omp,64,4,0.001216
omp,64,4,0.00128
omp,64,4,0.001222
omp,64,4,0.001232
omp,64,4,0.001233
omp,64,4,0.001223
omp,64,8,0.002576
omp,64,8,0.002496
omp,64,8,0.002714
omp,64,8,0.002511
omp,64,8,0.002411
omp,64,8,0.002772
omp,64,8,0.002331
omp,64,8,0.00236
omp,64,8,0.002473
omp,64,8,0.002487
omp,64,8,0.002623
omp,64,8,0.002393
omp,64,8,0.002298
omp,64,8,0.002435
omp,64,8,0.00243
omp,64,8,0.002456
omp,64,8,0.002489
omp,64,8,0.002346
omp,64,8,0.002509
omp,64,8,0.002491
omp,64,8,0.002547
omp,64,8,0.003225
omp,64,8,0.00251
omp,64,8,0.002385
omp,64,8,0.002642
omp,64,8,0.002474
omp,64,8,0.002601
omp,64,8,0.002542
omp,64,8,0.002368
omp,64,8,0.00232
omp,64,16,0.003078
omp,64,16,0.002895
omp,64,16,0.003554
omp,64,16,0.003262
omp,64,16,0.003344
omp,64,16,0.003274
omp,64,16,0.003313
omp,64,16,0.003284
omp,64,16,0.003593
omp,64,16,0.003873
omp,64,16,0.003423
omp,64,16,0.003209
omp,64,16,0.003224
omp,64,16,0.0036
omp,64,16,0.003177
omp,64,16,0.003172
omp,64,16,0.003441
omp,64,16,0.003249
omp,64,16,0.003288
omp,64,16,0.003485
omp,64,16,0.003389
omp,64,16,0.003312
omp,64,16,0.003328
omp,64,16,0.003916
omp,64,16,0.003392
omp,64,16,0.003284
omp,64,16,0.003259
omp,64,16,0.00346
omp,64,16,0.003343
omp,64,16,0.00361
omp,64,32,0.005129
omp,64,32,0.005241
omp,64,32,0.005046
omp,64,32,0.00538
omp,64,32,0.005198
omp,64,32,0.005206
omp,64,32,0.005882
omp,64,32,0.00631
omp,64,32,0.005956
omp,64,32,0.006847
omp,64,32,0.00598
omp,64,32,0.004944
omp,64,32,0.005972
omp,64,32,0.007361
omp,64,32,0.006804
omp,64,32,0.005613
omp,64,32,0.005011
omp,64,32,0.007455
omp,64,32,0.006208
omp,64,32,0.007856
omp,64,32,0.00591
omp,64,32,0.007115
omp,64,32,0.00643
omp,64,32,0.007393
omp,64,32,0.006456
omp,64,32,0.005269
omp,64,32,0.005946
omp,64,32,0.005933
omp,64,32,0.00528
omp,64,32,0.006466
omp,128,1,0.016862
omp,128,1,0.016638
omp,128,1,0.016618
omp,128,1,0.016577
omp,128,1,0.016641
omp,128,1,0.017297
omp,128,1,0.016611
omp,128,1,0.016571
omp,128,1,0.016602
omp,128,1,0.017288
omp,128,1,0.022728
omp,128,1,0.017
omp,128,1,0.019637
omp,128,1,0.016972
omp,128,1,0.019782
omp,128,1,0.016885
omp,128,1,0.019594
omp,128,1,0.016908
omp,128,1,0.019891
omp,128,1,0.0166
omp,128,1,0.019872
omp,128,1,0.022682
omp,128,1,0.019622
omp,128,1,0.019627
omp,128,1,0.019878
omp,128,1,0.023903
omp,128,1,0.019662
omp,128,1,0.016588
omp,128,1,0.019628
omp,128,1,0.016631
omp,128,2,0.009892
omp,128,2,0.00995
omp,128,2,0.01009
omp,128,2,0.008772
omp,128,2,0.00992
omp,128,2,0.008496
omp,128,2,0.010002
omp,128,2,0.008444
omp,128,2,0.009925
omp,128,2,0.008371
omp,128,2,0.00996
omp,128,2,0.008454
omp,128,2,0.009915
omp,128,2,0.008471
omp,128,2,0.009403
omp,128,2,0.008843
omp,128,2,0.008929
omp,128,2,0.008804
omp,128,2,0.008949
omp,128,2,0.008471
omp,128,2,0.008739
omp,128,2,0.009089
omp,128,2,0.008637
omp,128,2,0.008819
omp,128,2,0.008966
omp,128,2,0.008655
omp,128,2,0.008499
omp,128,2,0.008609
omp,128,2,0.008438
omp,128,2,0.009383
omp,128,4,0.004573
omp,128,4,0.004841
omp,128,4,0.004531
omp,128,4,0.004578
omp,128,4,0.00457
omp,128,4,0.005844
omp,128,4,0.004756
omp,128,4,0.004539
omp,128,4,0.004702
omp,128,4,0.004529
omp,128,4,0.004535
omp,128,4,0.004727
omp,128,4,0.0046
omp,128,4,0.004534
omp,128,4,0.005036
omp,128,4,0.00634
omp,128,4,0.004745
omp,128,4,0.00453
omp,128,4,0.004601
omp,128,4,0.004577
omp,128,4,0.00461
omp,128,4,0.004608
omp,128,4,0.004741
omp,128,4,0.00623
omp,128,4,0.004562
omp,128,4,0.004701
omp,128,4,0.00453
omp,128,4,0.004565
omp,128,4,0.004538
omp,128,4,0.004555
omp,128,8,0.007536
omp,128,8,0.007532
omp,128,8,0.00735
omp,128,8,0.006964
omp,128,8,0.00685
omp,128,8,0.00753
omp,128,8,0.006671
omp,128,8,0.0064
omp,128,8,0.006997
omp,128,8,0.007402
omp,128,8,0.006965
omp,128,8,0.007129
omp,128,8,0.007164
omp,128,8,0.007235
omp,128,8,0.007353
omp,128,8,0.007093
omp,128,8,0.00727
omp,128,8,0.006863
omp,128,8,0.00719
omp,128,8,0.007006
omp,128,8,0.006842
omp,128,8,0.006989
omp,128,8,0.007505
omp,128,8,0.006774
omp,128,8,0.009767
omp,128,8,0.010124
omp,128,8,0.012928
omp,128,8,0.00867
omp,128,8,0.009791
omp,128,8,0.008267
omp,128,16,0.007694
omp,128,16,0.007538
omp,128,16,0.007539
omp,128,16,0.00751
omp,128,16,0.007392
omp,128,16,0.007311
omp,128,16,0.007477
omp,128,16,0.008639
omp,128,16,0.008628
omp,128,16,0.008153
omp,128,16,0.007581
omp,128,16,0.007872
omp,128,16,0.007995
omp,128,16,0.007593
omp,128,16,0.007798
omp,128,16,0.008583
omp,128,16,0.008755
omp,128,16,0.007421
omp,128,16,0.007318
omp,128,16,0.007338
omp,128,16,0.007365
omp,128,16,0.007606
omp,128,16,0.007913
omp,128,16,0.007565
omp,128,16,0.007374
omp,128,16,0.00804
omp,128,16,0.007341
omp,128,16,0.007385
omp,128,16,0.00729
omp,128,16,0.007322
omp,128,32,0.009143
omp,128,32,0.009386
omp,128,32,0.013862
omp,128,32,0.00927
omp,128,32,0.01026
omp,128,32,0.010133
omp,128,32,0.009164
omp,128,32,0.011085
omp,128,32,0.01249
omp,128,32,0.008916
omp,128,32,0.009112
omp,128,32,0.009143
omp,128,32,0.010934
omp,128,32,0.011635
omp,128,32,0.010991
omp,128,32,0.01078
omp,128,32,0.010988
omp,128,32,0.010456
omp,128,32,0.010202
omp,128,32,0.011126
omp,128,32,0.010657
omp,128,32,0.010228
omp,128,32,0.008784
omp,128,32,0.009552
omp,128,32,0.008872
omp,128,32,0.00891
omp,128,32,0.009467
omp,128,32,0.01228
omp,128,32,0.009737
omp,128,32,0.014338
omp,256,1,0.066879
omp,256,1,0.073676
omp,256,1,0.075408
omp,256,1,0.075418
omp,256,1,0.067987
omp,256,1,0.076397
omp,256,1,0.075522
omp,256,1,0.067534
omp,256,1,0.075495
omp,256,1,0.066814
omp,256,1,0.075258
omp,256,1,0.075882
omp,256,1,0.075427
omp,256,1,0.075133
omp,256,1,0.074911
omp,256,1,0.075838
omp,256,1,0.066589
omp,256,1,0.066632
omp,256,1,0.075117
omp,256,1,0.075673
omp,256,1,0.075453
omp,256,1,0.075231
omp,256,1,0.075278
omp,256,1,0.074538
omp,256,1,0.075427
omp,256,1,0.076246
omp,256,1,0.076194
omp,256,1,0.067869
omp,256,1,0.066818
omp,256,1,0.07528
omp,256,2,0.041075
omp,256,2,0.033569
omp,256,2,0.034357
omp,256,2,0.034281
omp,256,2,0.03451
omp,256,2,0.034098
omp,256,2,0.033515
omp,256,2,0.034617
omp,256,2,0.034293
omp,256,2,0.040635
omp,256,2,0.034401
omp,256,2,0.033722
omp,256,2,0.0337
omp,256,2,0.040957
omp,256,2,0.034805
omp,256,2,0.034432
omp,256,2,0.034274
omp,256,2,0.034608
omp,256,2,0.041415
omp,256,2,0.034556
omp,256,2,0.034404
omp,256,2,0.041489
omp,256,2,0.03419
omp,256,2,0.034058
omp,256,2,0.034318
omp,256,2,0.033762
omp,256,2,0.033757
omp,256,2,0.035299
omp,256,2,0.040337
omp,256,2,0.034325
omp,256,4,0.017932
omp,256,4,0.018123
omp,256,4,0.017723
omp,256,4,0.017773
omp,256,4,0.01817
omp,256,4,0.017979
omp,256,4,0.017842
omp,256,4,0.017803
omp,256,4,0.017837
omp,256,4,0.017694
omp,256,4,0.018228
omp,256,4,0.017737
omp,256,4,0.017831
omp,256,4,0.017826
omp,256,4,0.017755
omp,256,4,0.018188
omp,256,4,0.018178
omp,256,4,0.017931
omp,256,4,0.017863
omp,256,4,0.017778
omp,256,4,0.017723
omp,256,4,0.017796
omp,256,4,0.018447
omp,256,4,0.027853
omp,256,4,0.017836
omp,256,4,0.017804
omp,256,4,0.017908
omp,256,4,0.018294
omp,256,4,0.017777
omp,256,4,0.01778
omp,256,8,0.031915
omp,256,8,0.030695
omp,256,8,0.027978
omp,256,8,0.028384
omp,256,8,0.028486
omp,256,8,0.02771
omp,256,8,0.027552
omp,256,8,0.027578
omp,256,8,0.026279
omp,256,8,0.027948
omp,256,8,0.02706
omp,256,8,0.026201
omp,256,8,0.024975
omp,256,8,0.024937
omp,256,8,0.024404
omp,256,8,0.026138
omp,256,8,0.024932
omp,256,8,0.026575
omp,256,8,0.02605
omp,256,8,0.024398
omp,256,8,0.025255
omp,256,8,0.025318
omp,256,8,0.026012
omp,256,8,0.025307
omp,256,8,0.025478
omp,256,8,0.02559
omp,256,8,0.02638
omp,256,8,0.024366
omp,256,8,0.024769
omp,256,8,0.026167
omp,256,16,0.023874
omp,256,16,0.020031
omp,256,16,0.02104
omp,256,16,0.023892
omp,256,16,0.023478
omp,256,16,0.020383
omp,256,16,0.021361
omp,256,16,0.024341
omp,256,16,0.026108
omp,256,16,0.02125
omp,256,16,0.021469
omp,256,16,0.024903
omp,256,16,0.02679
omp,256,16,0.02882
omp,256,16,0.028886
omp,256,16,0.027619
omp,256,16,0.028562
omp,256,16,0.025799
omp,256,16,0.026531
omp,256,16,0.024709
omp,256,16,0.025371
omp,256,16,0.02459
omp,256,16,0.024625
omp,256,16,0.024524
omp,256,16,0.024162
omp,256,16,0.024399
omp,256,16,0.026646
omp,256,16,0.023095
omp,256,16,0.024059
omp,256,16,0.024943
omp,256,32,0.027487
omp,256,32,0.024766
omp,256,32,0.031017
omp,256,32,0.024865
omp,256,32,0.02508
omp,256,32,0.026943
omp,256,32,0.029192
omp,256,32,0.026066
omp,256,32,0.025642
omp,256,32,0.027246
omp,256,32,0.024353
omp,256,32,0.027614
omp,256,32,0.02471
omp,256,32,0.023896
omp,256,32,0.025541
omp,256,32,0.026792
omp,256,32,0.028756
omp,256,32,0.030195
omp,256,32,0.028026
omp,256,32,0.02658
omp,256,32,0.028444
omp,256,32,0.027186
omp,256,32,0.026116
omp,256,32,0.025979
omp,256,32,0.024829
omp,256,32,0.027496
omp,256,32,0.025296
omp,256,32,0.028218
omp,256,32,0.024027
omp,256,32,0.025875
omp,512,1,0.268381
omp,512,1,0.274484
omp,512,1,0.280379
omp,512,1,0.266803
omp,512,1,0.275012
omp,512,1,0.274896
omp,512,1,0.267049
omp,512,1,0.266377
omp,512,1,0.275736
omp,512,1,0.267431
omp,512,1,0.274782
omp,512,1,0.26757
omp,512,1,0.274553
omp,512,1,0.267992
omp,512,1,0.27506
omp,512,1,0.267828
omp,512,1,0.267708
omp,512,1,0.26785
omp,512,1,0.268023
omp,512,1,0.276191
omp,512,1,0.267854
omp,512,1,0.279676
omp,512,1,0.275379
omp,512,1,0.266652
omp,512,1,0.279741
omp,512,1,0.266789
omp,512,1,0.272612
omp,512,1,0.276292
omp,512,1,0.275587
omp,512,1,0.268169
omp,512,2,0.142898
omp,512,2,0.135986
omp,512,2,0.134917
omp,512,2,0.135487
omp,512,2,0.135155
omp,512,2,0.135491
omp,512,2,0.135416
omp,512,2,0.134791
omp,512,2,0.135218
omp,512,2,0.134903
omp,512,2,0.134993
omp,512,2,0.135221
omp,512,2,0.13458
omp,512,2,0.135434
omp,512,2,0.135103
omp,512,2,0.135776
omp,512,2,0.135699
omp,512,2,0.135749
omp,512,2,0.134666
omp,512,2,0.138746
omp,512,2,0.135313
omp,512,2,0.135163
omp,512,2,0.135238
omp,512,2,0.136816
omp,512,2,0.135953
omp,512,2,0.135232
omp,512,2,0.135641
omp,512,2,0.135102
omp,512,2,0.135642
omp,512,2,0.1354
omp,512,4,0.071969
omp,512,4,0.071208
omp,512,4,0.071166
omp,512,4,0.073567
omp,512,4,0.07213
omp,512,4,0.070579
omp,512,4,0.071977
omp,512,4,0.070894
omp,512,4,0.072809
omp,512,4,0.070609
omp,512,4,0.074043
omp,512,4,0.070743
omp,512,4,0.076404
omp,512,4,0.072782
omp,512,4,0.071941
omp,512,4,0.070795
omp,512,4,0.074853
omp,512,4,0.072516
omp,512,4,0.07556
omp,512,4,0.071616
omp,512,4,0.071447
omp,512,4,0.071809
omp,512,4,0.072723
omp,512,4,0.072846
omp,512,4,0.072669
omp,512,4,0.071092
omp,512,4,0.155726
omp,512,4,0.088783
omp,512,4,0.074506
omp,512,4,0.072604
omp,512,8,0.099671
omp,512,8,0.097009
omp,512,8,0.086847
omp,512,8,0.092698
omp,512,8,0.097475
omp,512,8,0.079668
omp,512,8,0.079565
omp,512,8,0.097357
omp,512,8,0.099661
omp,512,8,0.090003
omp,512,8,0.094131
omp,512,8,0.092452
omp,512,8,0.09772
omp,512,8,0.077213
omp,512,8,0.121573
omp,512,8,0.098593
omp,512,8,0.1275
omp,512,8,0.076932
omp,512,8,0.098916
omp,512,8,0.096971
omp,512,8,0.087914
omp,512,8,0.097493
omp,512,8,0.076358
omp,512,8,0.071528
omp,512,8,0.075315
omp,512,8,0.093994
omp,512,8,0.098494
omp,512,8,0.09751
omp,512,8,0.095452
omp,512,8,0.09335
omp,512,16,0.087955
omp,512,16,0.093908
omp,512,16,0.092484
omp,512,16,0.077143
omp,512,16,0.077226
omp,512,16,0.074091
omp,512,16,0.089825
omp,512,16,0.077739
omp,512,16,0.076554
omp,512,16,0.073597
omp,512,16,0.093371
omp,512,16,0.092356
omp,512,16,0.079841
omp,512,16,0.091757
omp,512,16,0.095592
omp,512,16,0.086292
omp,512,16,0.094455
omp,512,16,0.087386
omp,512,16,0.089006
omp,512,16,0.076668
omp,512,16,0.079384
omp,512,16,0.074021
omp,512,16,0.077083
omp,512,16,0.082728
omp,512,16,0.093425
omp,512,16,0.089881
omp,512,16,0.097901
omp,512,16,0.077891
omp,512,16,0.076039
omp,512,16,0.076596
omp,512,32,0.090899
omp,512,32,0.092888
omp,512,32,0.08868
omp,512,32,0.081609
omp,512,32,0.084712
omp,512,32,0.089123
omp,512,32,0.103262
omp,512,32,0.099447
omp,512,32,0.090244
omp,512,32,0.093636
omp,512,32,0.119314
omp,512,32,0.091744
omp,512,32,0.096137
omp,512,32,0.085533
omp,512,32,0.089148
omp,512,32,0.101384
omp,512,32,0.097655
omp,512,32,0.095929
omp,512,32,0.085031
omp,512,32,0.089704
omp,512,32,0.090993
omp,512,32,0.087635
omp,512,32,0.083413
omp,512,32,0.087271
omp,512,32,0.087894
omp,512,32,0.092818
omp,512,32,0.085095
omp,512,32,0.096119
omp,512,32,0.099005
omp,512,32,0.095755
omp,1024,1,1.072512
omp,1024,1,1.074558
omp,1024,1,1.075376
omp,1024,1,1.100357
omp,1024,1,1.075608
omp,1024,1,1.075825
omp,1024,1,1.076184
omp,1024,1,1.080248
omp,1024,1,1.069001
omp,1024,1,1.075165
omp,1024,1,1.067689
omp,1024,1,1.067347
omp,1024,1,1.08621
omp,1024,1,1.075419
omp,1024,1,1.067986
omp,1024,1,1.067501
omp,1024,1,1.069343
omp,1024,1,1.075072
omp,1024,1,1.068083
omp,1024,1,1.07343
omp,1024,1,1.073059
omp,1024,1,1.077808
omp,1024,1,1.068764
omp,1024,1,1.068931
omp,1024,1,1.067714
omp,1024,1,1.069183
omp,1024,1,1.090882
omp,1024,1,1.095535
omp,1024,1,1.08208
omp,1024,1,1.080286
omp,1024,2,0.553191
omp,1024,2,0.539517
omp,1024,2,0.57104
omp,1024,2,0.54149
omp,1024,2,0.538773
omp,1024,2,0.560354
omp,1024,2,0.54511
omp,1024,2,0.538619
omp,1024,2,0.538877
omp,1024,2,0.539505
omp,1024,2,0.538087
omp,1024,2,0.537767
omp,1024,2,0.550118
omp,1024,2,0.53836
omp,1024,2,0.538229
omp,1024,2,0.538198
omp,1024,2,0.537316
omp,1024,2,0.538557
omp,1024,2,0.537846
omp,1024,2,0.537922
omp,1024,2,0.53887
omp,1024,2,0.554903
omp,1024,2,0.537199
omp,1024,2,0.53987
omp,1024,2,0.538666
omp,1024,2,0.538297
omp,1024,2,0.53943
omp,1024,2,0.53855
omp,1024,2,0.537959
omp,1024,2,0.537664
omp,1024,4,0.284163
omp,1024,4,0.325542
omp,1024,4,0.28553
omp,1024,4,0.285955
omp,1024,4,0.284008
omp,1024,4,0.291481
omp,1024,4,0.287491
omp,1024,4,0.284041
omp,1024,4,0.284006
omp,1024,4,0.358142
omp,1024,4,0.284936
omp,1024,4,0.287934
omp,1024,4,0.286065
omp,1024,4,0.28717
omp,1024,4,0.284144
omp,1024,4,0.284281
omp,1024,4,0.335142
omp,1024,4,0.284344
omp,1024,4,0.321349
omp,1024,4,0.284101
omp,1024,4,0.284078
omp,1024,4,0.283798
omp,1024,4,0.285505
omp,1024,4,0.284667
omp,1024,4,0.284072
omp,1024,4,0.285113
omp,1024,4,0.285204
omp,1024,4,0.289809
omp,1024,4,0.287829
omp,1024,4,0.283339
omp,1024,8,0.3103
omp,1024,8,0.291926
omp,1024,8,0.302255
omp,1024,8,0.300688
omp,1024,8,0.292686
omp,1024,8,0.290302
omp,1024,8,0.320421
omp,1024,8,0.297132
omp,1024,8,0.324967
omp,1024,8,0.292947
omp,1024,8,0.292984
omp,1024,8,0.298073
omp,1024,8,0.292685
omp,1024,8,0.30731
omp,1024,8,0.288118
omp,1024,8,0.285339
omp,1024,8,0.294739
omp,1024,8,0.287938
omp,1024,8,0.290134
omp,1024,8,0.289001
omp,1024,8,0.301051
omp,1024,8,0.292305
omp,1024,8,0.302618
omp,1024,8,0.329201
omp,1024,8,0.330772
omp,1024,8,0.402733
omp,1024,8,0.368929
omp,1024,8,0.294263
omp,1024,8,0.289255
omp,1024,8,0.29778
omp,1024,16,0.300705
omp,1024,16,0.295833
omp,1024,16,0.295058
omp,1024,16,0.306387
omp,1024,16,0.29934
omp,1024,16,0.287532
omp,1024,16,0.299991
omp,1024,16,0.286679
omp,1024,16,0.291079
omp,1024,16,0.336102
omp,1024,16,0.317001
omp,1024,16,0.294981
omp,1024,16,0.314478
omp,1024,16,0.299199
omp,1024,16,0.298176
omp,1024,16,0.287204
omp,1024,16,0.314903
omp,1024,16,0.288164
omp,1024,16,0.298877
omp,1024,16,0.321678
omp,1024,16,0.29185
omp,1024,16,0.287926
omp,1024,16,0.325164
omp,1024,16,0.336934
omp,1024,16,0.29309
omp,1024,16,0.34635
omp,1024,16,0.294217
omp,1024,16,0.289605
omp,1024,16,0.295118
omp,1024,16,0.316278
omp,1024,32,0.327357
omp,1024,32,0.313715
omp,1024,32,0.325984
omp,1024,32,0.309418
omp,1024,32,0.312258
omp,1024,32,0.329331
omp,1024,32,0.324532
omp,1024,32,0.32915
omp,1024,32,0.32948
omp,1024,32,0.322778
omp,1024,32,0.315806
omp,1024,32,0.352235
omp,1024,32,0.331253
omp,1024,32,0.320865
omp,1024,32,0.319548
omp,1024,32,0.311358
omp,1024,32,0.32954
omp,1024,32,0.38468
omp,1024,32,0.323262
omp,1024,32,0.320322
omp,1024,32,0.325824
omp,1024,32,0.327593
omp,1024,32,0.324762
omp,1024,32,0.348915
omp,1024,32,0.321183
omp,1024,32,0.307423
omp,1024,32,0.343817
omp,1024,32,0.336499
omp,1024,32,0.328247
omp,1024,32,0.324172
omp,2048,1,4.291223
omp,2048,1,4.286486
omp,2048,1,4.296516
omp,2048,1,4.296859
omp,2048,1,4.295273
omp,2048,1,4.29491
omp,2048,1,4.307132
omp,2048,1,4.289524
omp,2048,1,4.289878
omp,2048,1,4.295702
omp,2048,1,4.296778
omp,2048,1,4.294155
omp,2048,1,4.296026
omp,2048,1,4.30144
omp,2048,1,4.293287
omp,2048,1,4.290312
omp,2048,1,4.301769
omp,2048,1,4.303305
omp,2048,1,4.302059
omp,2048,1,4.303807
omp,2048,1,4.295097
omp,2048,1,4.310317
omp,2048,1,4.294426
omp,2048,1,4.29678
omp,2048,1,4.290103
omp,2048,1,4.301188
omp,2048,1,4.303075
omp,2048,1,4.292223
omp,2048,1,4.290247
omp,2048,1,4.287589
omp,2048,2,2.157065
omp,2048,2,2.164942
omp,2048,2,2.156696
omp,2048,2,2.162957
omp,2048,2,2.166683
omp,2048,2,2.167291
omp,2048,2,2.156858
omp,2048,2,2.172637
omp,2048,2,2.168128
omp,2048,2,2.162834
omp,2048,2,2.167006
omp,2048,2,2.160954
omp,2048,2,2.164131
omp,2048,2,2.158107
omp,2048,2,2.159194
omp,2048,2,2.161812
omp,2048,2,2.157997
omp,2048,2,2.161768
omp,2048,2,2.164457
omp,2048,2,2.163422
omp,2048,2,2.157691
omp,2048,2,2.178943
omp,2048,2,2.169045
omp,2048,2,2.158387
omp,2048,2,2.160485
omp,2048,2,2.160407
omp,2048,2,2.160941
omp,2048,2,2.157348
omp,2048,2,2.158578
omp,2048,2,2.165535
omp,2048,4,1.138282
omp,2048,4,1.146055
omp,2048,4,1.150109
omp,2048,4,1.172188
omp,2048,4,1.174574
omp,2048,4,1.136691
omp,2048,4,1.13808
omp,2048,4,1.180197
omp,2048,4,1.138784
omp,2048,4,1.135978
omp,2048,4,1.206266
omp,2048,4,1.15932
omp,2048,4,1.179076
omp,2048,4,1.139035
omp,2048,4,1.15422
omp,2048,4,1.139627
omp,2048,4,1.167499
omp,2048,4,1.160745
omp,2048,4,1.137528
omp,2048,4,1.137929
omp,2048,4,1.177581
omp,2048,4,1.138307
omp,2048,4,1.137154
omp,2048,4,1.138025
omp,2048,4,1.13622
omp,2048,4,1.186164
omp,2048,4,1.136233
omp,2048,4,1.147746
omp,2048,4,1.151802
omp,2048,4,1.168919
omp,2048,8,1.185186
omp,2048,8,1.152083
omp,2048,8,1.148513
omp,2048,8,1.148492
omp,2048,8,1.175269
omp,2048,8,1.140503
omp,2048,8,1.2327
omp,2048,8,1.193699
omp,2048,8,1.192361
omp,2048,8,1.175368
omp,2048,8,1.156476
omp,2048,8,1.169964
omp,2048,8,1.189926
omp,2048,8,1.185274
omp,2048,8,1.145026
omp,2048,8,1.154365
omp,2048,8,1.157703
omp,2048,8,1.179227
omp,2048,8,1.351366
omp,2048,8,1.351443
omp,2048,8,1.323022
omp,2048,8,1.326786
omp,2048,8,1.587362
omp,2048,8,1.399183
omp,2048,8,1.207555
omp,2048,8,1.370844
omp,2048,8,1.365839
omp,2048,8,1.155243
omp,2048,8,1.175173
omp,2048,8,1.146359
omp,2048,16,1.23085
omp,2048,16,1.224414
omp,2048,16,1.215546
omp,2048,16,1.188198
omp,2048,16,1.175592
omp,2048,16,1.158374
omp,2048,16,1.180039
omp,2048,16,1.209576
omp,2048,16,1.160024
omp,2048,16,1.15146
omp,2048,16,1.281705
omp,2048,16,1.260529
omp,2048,16,1.15612
omp,2048,16,1.182109
omp,2048,16,1.184347
omp,2048,16,1.202639
omp,2048,16,1.183714
omp,2048,16,1.183587
omp,2048,16,1.171836
omp,2048,16,1.192318
omp,2048,16,1.215441
omp,2048,16,1.155291
omp,2048,16,1.174253
omp,2048,16,1.186149
omp,2048,16,1.219736
omp,2048,16,1.250729
omp,2048,16,1.195234
omp,2048,16,1.206967
omp,2048,16,1.221654
omp,2048,16,1.205614
omp,2048,32,1.186656
omp,2048,32,1.185024
omp,2048,32,1.228334
omp,2048,32,1.193162
omp,2048,32,1.195869
omp,2048,32,1.180986
omp,2048,32,1.192369
omp,2048,32,1.20206
omp,2048,32,1.184237
omp,2048,32,1.387319
omp,2048,32,1.380741
omp,2048,32,1.185679
omp,2048,32,1.190162
omp,2048,32,1.185711
omp,2048,32,1.207409
omp,2048,32,1.201055
omp,2048,32,1.187806
omp,2048,32,1.181397
omp,2048,32,1.18817
omp,2048,32,1.214759
omp,2048,32,1.239709
omp,2048,32,1.216189
omp,2048,32,1.188708
omp,2048,32,1.206066
omp,2048,32,1.18689
omp,2048,32,1.184172
omp,2048,32,1.182528
omp,2048,32,1.226264
omp,2048,32,1.192049
omp,2048,32,1.185695
omp,4096,1,17.156304
omp,4096,1,17.170477
omp,4096,1,17.166186
omp,4096,1,17.150287
omp,4096,1,17.17163
omp,4096,1,17.159925
omp,4096,1,17.170956
omp,4096,1,17.15036
omp,4096,1,17.165235
omp,4096,1,17.170927
omp,4096,1,17.165401
omp,4096,1,17.16489
omp,4096,1,17.162374
omp,4096,1,17.244804
omp,4096,1,17.161464
omp,4096,1,17.16775
omp,4096,1,17.164743
omp,4096,1,17.149688
omp,4096,1,17.167571
omp,4096,1,17.157856
omp,4096,1,17.177717
omp,4096,1,17.156642
omp,4096,1,17.172432
omp,4096,1,17.171211
omp,4096,1,17.1505
omp,4096,1,17.188169
omp,4096,1,17.160514
omp,4096,1,17.159082
omp,4096,1,17.164079
omp,4096,1,17.161526
omp,4096,2,8.631478
omp,4096,2,8.669284
omp,4096,2,8.824505
omp,4096,2,8.658153
omp,4096,2,8.637789
omp,4096,2,8.656397
omp,4096,2,8.631764
omp,4096,2,8.635961
omp,4096,2,8.667069
omp,4096,2,8.629948
omp,4096,2,8.633586
omp,4096,2,8.638034
omp,4096,2,8.670253
omp,4096,2,8.62658
omp,4096,2,8.635295
omp,4096,2,8.655492
omp,4096,2,8.649502
omp,4096,2,8.632869
omp,4096,2,8.647235
omp,4096,2,8.639728
omp,4096,2,8.634521
omp,4096,2,8.633656
omp,4096,2,8.643838
omp,4096,2,8.639815
omp,4096,2,8.628439
omp,4096,2,8.658358
omp,4096,2,8.654668
omp,4096,2,8.62754
omp,4096,2,8.676934
omp,4096,2,8.658685
omp,4096,4,4.596663
omp,4096,4,4.572232
omp,4096,4,4.585761
omp,4096,4,4.611889
omp,4096,4,4.56464
omp,4096,4,4.661595
omp,4096,4,4.550129
omp,4096,4,4.647861
omp,4096,4,4.607654
omp,4096,4,4.594381
omp,4096,4,4.594087
omp,4096,4,4.628698
omp,4096,4,4.624276
omp,4096,4,4.802236
omp,4096,4,5.026801
omp,4096,4,5.43931
omp,4096,4,4.710589
omp,4096,4,4.576594
omp,4096,4,4.647145
omp,4096,4,4.590662
omp,4096,4,4.573669
omp,4096,4,4.595772
omp,4096,4,4.568201
omp,4096,4,4.585798
omp,4096,4,4.680374
omp,4096,4,4.571063
omp,4096,4,4.591358
omp,4096,4,4.55432
omp,4096,4,4.565782
omp,4096,4,4.580622
omp,4096,8,4.602039
omp,4096,8,4.738375
omp,4096,8,4.67263
omp,4096,8,4.624374
omp,4096,8,4.606466
omp,4096,8,4.627547
omp,4096,8,4.648954
omp,4096,8,4.710832
omp,4096,8,4.598924
omp,4096,8,4.620042
omp,4096,8,4.592768
omp,4096,8,4.611519
omp,4096,8,4.678388
omp,4096,8,4.586781
omp,4096,8,4.710992
omp,4096,8,4.601475
omp,4096,8,4.687384
omp,4096,8,4.652282
omp,4096,8,4.634138
omp,4096,8,4.611893
omp,4096,8,4.727103
omp,4096,8,4.591441
omp,4096,8,4.677242
omp,4096,8,4.664503
omp,4096,8,4.61995
omp,4096,8,4.694297
omp,4096,8,4.696416
omp,4096,8,4.71351
omp,4096,8,4.630824
omp,4096,8,4.620143
omp,4096,16,4.656527
omp,4096,16,4.707018
omp,4096,16,4.66022
omp,4096,16,4.769362
omp,4096,16,4.648089
omp,4096,16,4.686759
omp,4096,16,4.698411
omp,4096,16,4.684729
omp,4096,16,4.703084
omp,4096,16,4.752671
omp,4096,16,4.715021
omp,4096,16,4.703622
omp,4096,16,4.667781
omp,4096,16,4.702453
omp,4096,16,4.688191
omp,4096,16,4.692314
omp,4096,16,4.796894
omp,4096,16,4.819792
omp,4096,16,4.681435
omp,4096,16,4.707451
omp,4096,16,5.199166
omp,4096,16,5.517741
omp,4096,16,4.976644
omp,4096,16,4.693621
omp,4096,16,4.719866
omp,4096,16,4.670384
omp,4096,16,4.711144
omp,4096,16,4.708889
omp,4096,16,4.759239
omp,4096,16,4.650367
omp,4096,32,4.671884
omp,4096,32,4.659183
omp,4096,32,4.650602
omp,4096,32,4.65901
omp,4096,32,4.727217
omp,4096,32,4.68655
omp,4096,32,4.666942
omp,4096,32,4.652131
omp,4096,32,4.652156
omp,4096,32,4.660101
omp,4096,32,4.640474
omp,4096,32,4.748373
omp,4096,32,4.671341
omp,4096,32,4.645551
omp,4096,32,4.653553
omp,4096,32,4.654803
omp,4096,32,4.668693
omp,4096,32,4.721285
omp,4096,32,4.685664
omp,4096,32,4.683315
omp,4096,32,4.670669
omp,4096,32,4.653032
omp,4096,32,4.661051
omp,4096,32,4.657694
omp,4096,32,4.740327
omp,4096,32,4.654961
omp,4096,32,4.648592
omp,4096,32,4.642173
omp,4096,32,4.66955
omp,4096,32,4.670206
pth,32,1,0.00295
pth,32,1,0.002432
pth,32,1,0.002151
pth,32,1,0.002237
pth,32,1,0.002093
pth,32,1,0.002416
pth,32,1,0.002212
pth,32,1,0.002042
pth,32,1,0.002373
pth,32,1,0.002232
pth,32,1,0.002134
pth,32,1,0.002132
pth,32,1,0.002159
pth,32,1,0.002468
pth,32,1,0.002197
pth,32,1,0.002096
pth,32,1,0.002324
pth,32,1,0.002817
pth,32,1,0.002119
pth,32,1,0.002369
pth,32,1,0.002334
pth,32,1,0.002125
pth,32,1,0.002659
pth,32,1,0.002449
pth,32,1,0.002773
pth,32,1,0.002307
pth,32,1,0.00263
pth,32,1,0.00231
pth,32,1,0.002289
pth,32,1,0.002108
pth,32,2,0.002124
pth,32,2,0.002027
pth,32,2,0.002243
pth,32,2,0.002071
pth,32,2,0.002136
pth,32,2,0.002046
pth,32,2,0.002019
pth,32,2,0.002062
pth,32,2,0.002024
pth,32,2,0.002071
pth,32,2,0.002016
pth,32,2,0.002345
pth,32,2,0.002359
pth,32,2,0.002058
pth,32,2,0.002076
pth,32,2,0.002096
pth,32,2,0.002109
pth,32,2,0.001999
pth,32,2,0.002231
pth,32,2,0.002066
pth,32,2,0.002035
pth,32,2,0.002008
pth,32,2,0.002045
pth,32,2,0.002307
pth,32,2,0.002093
pth,32,2,0.002013
pth,32,2,0.002314
pth,32,2,0.002041
pth,32,2,0.002046
pth,32,2,0.002342
pth,32,4,0.00283
pth,32,4,0.002886
pth,32,4,0.003875
pth,32,4,0.002866
pth,32,4,0.003277
pth,32,4,0.003236
pth,32,4,0.002721
pth,32,4,0.002794
pth,32,4,0.002714
pth,32,4,0.003431
pth,32,4,0.003147
pth,32,4,0.002728
pth,32,4,0.002674
pth,32,4,0.002715
pth,32,4,0.002714
pth,32,4,0.002723
pth,32,4,0.002693
pth,32,4,0.002957
pth,32,4,0.002769
pth,32,4,0.002711
pth,32,4,0.002759
pth,32,4,0.002723
pth,32,4,0.002752
pth,32,4,0.002766
pth,32,4,0.003225
pth,32,4,0.002792
pth,32,4,0.002799
pth,32,4,0.003811
pth,32,4,0.002793
pth,32,4,0.002731
pth,32,8,0.006301
pth,32,8,0.007615
pth,32,8,0.006539
pth,32,8,0.006372
pth,32,8,0.00677
pth,32,8,0.006546
pth,32,8,0.006245
pth,32,8,0.00643
pth,32,8,0.006498
pth,32,8,0.006233
pth,32,8,0.006216
pth,32,8,0.007534
pth,32,8,0.006417
pth,32,8,0.006228
pth,32,8,0.006388
pth,32,8,0.006546
pth,32,8,0.006795
pth,32,8,0.006674
pth,32,8,0.006503
pth,32,8,0.006379
pth,32,8,0.00706
pth,32,8,0.006214
pth,32,8,0.00624
pth,32,8,0.007214
pth,32,8,0.006409
pth,32,8,0.006455
pth,32,8,0.006809
pth,32,8,0.006524
pth,32,8,0.006278
pth,32,8,0.006356
pth,32,16,0.0137
pth,32,16,0.013518
pth,32,16,0.013767
pth,32,16,0.014428
pth,32,16,0.014003
pth,32,16,0.013613
pth,32,16,0.013678
pth,32,16,0.013503
pth,32,16,0.013793
pth,32,16,0.015095
pth,32,16,0.013714
pth,32,16,0.014143
pth,32,16,0.014265
pth,32,16,0.013408
pth,32,16,0.013761
pth,32,16,0.015594
pth,32,16,0.013879
pth,32,16,0.013797
pth,32,16,0.013846
pth,32,16,0.013991
pth,32,16,0.013688
pth,32,16,0.014942
pth,32,16,0.014377
pth,32,16,0.014273
pth,32,16,0.013436
pth,32,16,0.013803
pth,32,16,0.013766
pth,32,16,0.013869
pth,32,16,0.014672
pth,32,16,0.013715
pth,32,32,0.028072
pth,32,32,0.028041
pth,32,32,0.028858
pth,32,32,0.028501
pth,32,32,0.029035
pth,32,32,0.028808
pth,32,32,0.02856
pth,32,32,0.028063
pth,32,32,0.029383
pth,32,32,0.028114
pth,32,32,0.032336
pth,32,32,0.030068
pth,32,32,0.0287
pth,32,32,0.027807
pth,32,32,0.028669
pth,32,32,0.027967
pth,32,32,0.027824
pth,32,32,0.029056
pth,32,32,0.027692
pth,32,32,0.028511
pth,32,32,0.028886
pth,32,32,0.028385
pth,32,32,0.028272
pth,32,32,0.028787
pth,32,32,0.028497
pth,32,32,0.028979
pth,32,32,0.029056
pth,32,32,0.028295
pth,32,32,0.028631
pth,32,32,0.028886
pth,64,1,0.005372
pth,64,1,0.005404
pth,64,1,0.005486
pth,64,1,0.005631
pth,64,1,0.005542
pth,64,1,0.005206
pth,64,1,0.0053
pth,64,1,0.00529
pth,64,1,0.005173
pth,64,1,0.005195
pth,64,1,0.005212
pth,64,1,0.0052
pth,64,1,0.005051
pth,64,1,0.005406
pth,64,1,0.005349
pth,64,1,0.005215
pth,64,1,0.005263
pth,64,1,0.005212
pth,64,1,0.005651
pth,64,1,0.005621
pth,64,1,0.005271
pth,64,1,0.005094
pth,64,1,0.005211
pth,64,1,0.005298
pth,64,1,0.005231
pth,64,1,0.005275
pth,64,1,0.005299
pth,64,1,0.005359
pth,64,1,0.005176
pth,64,1,0.005279
pth,64,2,0.003871
pth,64,2,0.003791
pth,64,2,0.003725
pth,64,2,0.003569
pth,64,2,0.00367
pth,64,2,0.003966
pth,64,2,0.003625
pth,64,2,0.003635
pth,64,2,0.003954
pth,64,2,0.003593
pth,64,2,0.003812
pth,64,2,0.00364
pth,64,2,0.003718
pth,64,2,0.003627
pth,64,2,0.003631
pth,64,2,0.003542
pth,64,2,0.00362
pth,64,2,0.003828
pth,64,2,0.003638
pth,64,2,0.003745
pth,64,2,0.003635
pth,64,2,0.003733
pth,64,2,0.003556
pth,64,2,0.003616
pth,64,2,0.003754
pth,64,2,0.003805
pth,64,2,0.003756
pth,64,2,0.003602
pth,64,2,0.00376
pth,64,2,0.003746
pth,64,4,0.003687
pth,64,4,0.003865
pth,64,4,0.003619
pth,64,4,0.003571
pth,64,4,0.003702
pth,64,4,0.004528
pth,64,4,0.003725
pth,64,4,0.003631
pth,64,4,0.004363
pth,64,4,0.003608
pth,64,4,0.00371
pth,64,4,0.003705
pth,64,4,0.003761
pth,64,4,0.003599
pth,64,4,0.003695
pth,64,4,0.003596
pth,64,4,0.003694
pth,64,4,0.003553
pth,64,4,0.003632
pth,64,4,0.003843
pth,64,4,0.00452
pth,64,4,0.004177
pth,64,4,0.003751
pth,64,4,0.003539
pth,64,4,0.003639
pth,64,4,0.003586
pth,64,4,0.003545
pth,64,4,0.003828
pth,64,4,0.003831
pth,64,4,0.003693
pth,64,8,0.007355
pth,64,8,0.007404
pth,64,8,0.00711
pth,64,8,0.007516
pth,64,8,0.007301
pth,64,8,0.007504
pth,64,8,0.008682
pth,64,8,0.007276
pth,64,8,0.006942
pth,64,8,0.007018
pth,64,8,0.006989
pth,64,8,0.007283
pth,64,8,0.006902
pth,64,8,0.007331
pth,64,8,0.007245
pth,64,8,0.007407
pth,64,8,0.007484
pth,64,8,0.007091
pth,64,8,0.007248
pth,64,8,0.00752
pth,64,8,0.007261
pth,64,8,0.008086
pth,64,8,0.006947
pth,64,8,0.00693
pth,64,8,0.007802
pth,64,8,0.007687
pth,64,8,0.006998
pth,64,8,0.006966
pth,64,8,0.007355
pth,64,8,0.007865
pth,64,16,0.013955
pth,64,16,0.014977
pth,64,16,0.015235
pth,64,16,0.014329
pth,64,16,0.014224
pth,64,16,0.013953
pth,64,16,0.014438
pth,64,16,0.014472
pth,64,16,0.014736
pth,64,16,0.013961
pth,64,16,0.014929
pth,64,16,0.014052
pth,64,16,0.014652
pth,64,16,0.014321
pth,64,16,0.01545
pth,64,16,0.014011
pth,64,16,0.013979
pth,64,16,0.014271
pth,64,16,0.01416
pth,64,16,0.014627
pth,64,16,0.014152
pth,64,16,0.014737
pth,64,16,0.015056
pth,64,16,0.015057
pth,64,16,0.080715
pth,64,16,0.039422
pth,64,16,0.015898
pth,64,16,0.0146
pth,64,16,0.014157
pth,64,16,0.013908
pth,64,32,0.030076
pth,64,32,0.029433
pth,64,32,0.029262
pth,64,32,0.030001
pth,64,32,0.030233
pth,64,32,0.029323
pth,64,32,0.078147
pth,64,32,0.035298
pth,64,32,0.029011
pth,64,32,0.029576
pth,64,32,0.029695
pth,64,32,0.029365
pth,64,32,0.028586
pth,64,32,0.02996
pth,64,32,0.028813
pth,64,32,0.02887
pth,64,32,0.03056
pth,64,32,0.029266
pth,64,32,0.029062
pth,64,32,0.030502
pth,64,32,0.029826
pth,64,32,0.029523
pth,64,32,0.029853
pth,64,32,0.029386
pth,64,32,0.03092
pth,64,32,0.029783
pth,64,32,0.028507
pth,64,32,0.029061
pth,64,32,0.058489
pth,64,32,0.050104
pth,128,1,0.018576
pth,128,1,0.018252
pth,128,1,0.019086
pth,128,1,0.017925
pth,128,1,0.018538
pth,128,1,0.018449
pth,128,1,0.018382
pth,128,1,0.018832
pth,128,1,0.018606
pth,128,1,0.018156
pth,128,1,0.018441
pth,128,1,0.018127
pth,128,1,0.0183
pth,128,1,0.018416
pth,128,1,0.018588
pth,128,1,0.030439
pth,128,1,0.018694
pth,128,1,0.018242
pth,128,1,0.018455
pth,128,1,0.025634
pth,128,1,0.025823
pth,128,1,0.019233
pth,128,1,0.018152
pth,128,1,0.0185
pth,128,1,0.01948
pth,128,1,0.020157
pth,128,1,0.018729
pth,128,1,0.018443
pth,128,1,0.01883
pth,128,1,0.02022
pth,128,2,0.010256
pth,128,2,0.010323
pth,128,2,0.010181
pth,128,2,0.009989
pth,128,2,0.010424
pth,128,2,0.010544
pth,128,2,0.010139
pth,128,2,0.010567
pth,128,2,0.009755
pth,128,2,0.010218
pth,128,2,0.010042
pth,128,2,0.009944
pth,128,2,0.009936
pth,128,2,0.010292
pth,128,2,0.010176
pth,128,2,0.009948
pth,128,2,0.01009
pth,128,2,0.009865
pth,128,2,0.010324
pth,128,2,0.010194
pth,128,2,0.01008
pth,128,2,0.010062
pth,128,2,0.010314
pth,128,2,0.011537
pth,128,2,0.010382
pth,128,2,0.010336
pth,128,2,0.010185
pth,128,2,0.009863
pth,128,2,0.009793
pth,128,2,0.010483
pth,128,4,0.006813
pth,128,4,0.00673
pth,128,4,0.006809
pth,128,4,0.007
pth,128,4,0.006839
pth,128,4,0.0067
pth,128,4,0.007085
pth,128,4,0.007113
pth,128,4,0.006879
pth,128,4,0.006719
pth,128,4,0.007268
pth,128,4,0.006882
pth,128,4,0.006731
pth,128,4,0.006751
pth,128,4,0.006849
pth,128,4,0.006984
pth,128,4,0.006726
pth,128,4,0.006868
pth,128,4,0.006859
pth,128,4,0.006939
pth,128,4,0.006617
pth,128,4,0.00709
pth,128,4,0.007361
pth,128,4,0.006708
pth,128,4,0.007167
pth,128,4,0.006742
pth,128,4,0.007096
pth,128,4,0.006767
pth,128,4,0.006822
pth,128,4,0.006664
pth,128,8,0.01174
pth,128,8,0.012196
pth,128,8,0.011856
pth,128,8,0.011411
pth,128,8,0.012348
pth,128,8,0.011615
pth,128,8,0.011315
pth,128,8,0.011451
pth,128,8,0.011457
pth,128,8,0.011785
pth,128,8,0.011512
pth,128,8,0.010955
pth,128,8,0.011307
pth,128,8,0.011456
pth,128,8,0.011862
pth,128,8,0.011597
pth,128,8,0.011384
pth,128,8,0.011361
pth,128,8,0.011602
pth,128,8,0.011385
pth,128,8,0.012361
pth,128,8,0.01143
pth,128,8,0.011447
pth,128,8,0.011304
pth,128,8,0.010852
pth,128,8,0.011554
pth,128,8,0.010898
pth,128,8,0.011342
pth,128,8,0.011563
pth,128,8,0.011576
pth,128,16,0.017537
pth,128,16,0.017165
pth,128,16,0.017851
pth,128,16,0.016519
pth,128,16,0.01686
pth,128,16,0.016867
pth,128,16,0.017404
pth,128,16,0.016711
pth,128,16,0.01714
pth,128,16,0.017894
pth,128,16,0.016778
pth,128,16,0.017008
pth,128,16,0.016775
pth,128,16,0.016643
pth,128,16,0.017125
pth,128,16,0.017241
pth,128,16,0.01809
pth,128,16,0.017173
pth,128,16,0.016918
pth,128,16,0.0171
pth,128,16,0.016851
pth,128,16,0.017334
pth,128,16,0.017413
pth,128,16,0.01764
pth,128,16,0.017155
pth,128,16,0.016919
pth,128,16,0.016985
pth,128,16,0.017129
pth,128,16,0.017156
pth,128,16,0.017111
pth,128,32,0.030128
pth,128,32,0.028835
pth,128,32,0.028874
pth,128,32,0.029497
pth,128,32,0.02924
pth,128,32,0.028713
pth,128,32,0.030155
pth,128,32,0.028911
pth,128,32,0.028896
pth,128,32,0.030592
pth,128,32,0.028844
pth,128,32,0.028986
pth,128,32,0.029411
pth,128,32,0.028631
pth,128,32,0.029067
pth,128,32,0.028383
pth,128,32,0.030591
pth,128,32,0.028406
pth,128,32,0.02941
pth,128,32,0.031873
pth,128,32,0.029136
pth,128,32,0.029846
pth,128,32,0.030111
pth,128,32,0.029304
pth,128,32,0.028459
pth,128,32,0.029688
pth,128,32,0.029098
pth,128,32,0.028894
pth,128,32,0.029581
pth,128,32,0.028825
pth,256,1,0.068223
pth,256,1,0.070109
pth,256,1,0.073424
pth,256,1,0.081078
pth,256,1,0.086535
pth,256,1,0.089484
pth,256,1,0.093254
pth,256,1,0.09405
pth,256,1,0.093652
pth,256,1,0.084096
pth,256,1,0.084664
pth,256,1,0.087418
pth,256,1,0.080698
pth,256,1,0.085
pth,256,1,0.101332
pth,256,1,0.069098
pth,256,1,0.085226
pth,256,1,0.088419
pth,256,1,0.073996
pth,256,1,0.085968
pth,256,1,0.095396
pth,256,1,0.09802
pth,256,1,0.082847
pth,256,1,0.08022
pth,256,1,0.075631
pth,256,1,0.077001
pth,256,1,0.076353
pth,256,1,0.076528
pth,256,1,0.094596
pth,256,1,0.085005
pth,256,2,0.048336
pth,256,2,0.041987
pth,256,2,0.037047
pth,256,2,0.036474
pth,256,2,0.039927
pth,256,2,0.038338
pth,256,2,0.036396
pth,256,2,0.036305
pth,256,2,0.036099
pth,256,2,0.035407
pth,256,2,0.035102
pth,256,2,0.036736
pth,256,2,0.036351
pth,256,2,0.036264
pth,256,2,0.036178
pth,256,2,0.035959
pth,256,2,0.03573
pth,256,2,0.036665
pth,256,2,0.064538
pth,256,2,0.035608
pth,256,2,0.035061
pth,256,2,0.035358
pth,256,2,0.03512
pth,256,2,0.035567
pth,256,2,0.035315
pth,256,2,0.035631
pth,256,2,0.035053
pth,256,2,0.036418
pth,256,2,0.035471
pth,256,2,0.035856
pth,256,4,0.019346
pth,256,4,0.020076
pth,256,4,0.019584
pth,256,4,0.019244
pth,256,4,0.019059
pth,256,4,0.019394
pth,256,4,0.019218
pth,256,4,0.020436
pth,256,4,0.020463
pth,256,4,0.019077
pth,256,4,0.019331
pth,256,4,0.019287
pth,256,4,0.019805
pth,256,4,0.019268
pth,256,4,0.01914
pth,256,4,0.019327
pth,256,4,0.019354
pth,256,4,0.019399
pth,256,4,0.020137
pth,256,4,0.019259
pth,256,4,0.019165
pth,256,4,0.019192
pth,256,4,0.019592
pth,256,4,0.020321
pth,256,4,0.019476
pth,256,4,0.019088
pth,256,4,0.019274
pth,256,4,0.020658
pth,256,4,0.019377
pth,256,4,0.019669
pth,256,8,0.032004
pth,256,8,0.025283
pth,256,8,0.025797
pth,256,8,0.024326
pth,256,8,0.024262
pth,256,8,0.024714
pth,256,8,0.024699
pth,256,8,0.024679
pth,256,8,0.024598
pth,256,8,0.025096
pth,256,8,0.032616
pth,256,8,0.029159
pth,256,8,0.029873
pth,256,8,0.025993
pth,256,8,0.024595
pth,256,8,0.024518
pth,256,8,0.024967
pth,256,8,0.026698
pth,256,8,0.025358
pth,256,8,0.02454
pth,256,8,0.024896
pth,256,8,0.02534
pth,256,8,0.024397
pth,256,8,0.024439
pth,256,8,0.024437
pth,256,8,0.0244
pth,256,8,0.025413
pth,256,8,0.024294
pth,256,8,0.024663
pth,256,8,0.024907
pth,256,16,0.029892
pth,256,16,0.028694
pth,256,16,0.030635
pth,256,16,0.029771
pth,256,16,0.028493
pth,256,16,0.029547
pth,256,16,0.029255
pth,256,16,0.029143
pth,256,16,0.028619
pth,256,16,0.030016
pth,256,16,0.032816
pth,256,16,0.032365
pth,256,16,0.031177
pth,256,16,0.031196
pth,256,16,0.031196
pth,256,16,0.032505
pth,256,16,0.030418
pth,256,16,0.030632
pth,256,16,0.030779
pth,256,16,0.030218
pth,256,16,0.02989
pth,256,16,0.029213
pth,256,16,0.030802
pth,256,16,0.032301
pth,256,16,0.03136
pth,256,16,0.032064
pth,256,16,0.032552
pth,256,16,0.032239
pth,256,16,0.030595
pth,256,16,0.031179
pth,256,32,0.040193
pth,256,32,0.039377
pth,256,32,0.040085
pth,256,32,0.042147
pth,256,32,0.042429
pth,256,32,0.084351
pth,256,32,0.039814
pth,256,32,0.038428
pth,256,32,0.040646
pth,256,32,0.04016
pth,256,32,0.04029
pth,256,32,0.039756
pth,256,32,0.040026
pth,256,32,0.042641
pth,256,32,0.039319
pth,256,32,0.039838
pth,256,32,0.040104
pth,256,32,0.04016
pth,256,32,0.040361
pth,256,32,0.039039
pth,256,32,0.039633
pth,256,32,0.04001
pth,256,32,0.040693
pth,256,32,0.040125
pth,256,32,0.038921
pth,256,32,0.040038
pth,256,32,0.039929
pth,256,32,0.039642
pth,256,32,0.040283
pth,256,32,0.039831
pth,512,1,0.258173
pth,512,1,0.320049
pth,512,1,0.308728
pth,512,1,0.366792
pth,512,1,0.356435
pth,512,1,0.361992
pth,512,1,0.35984
pth,512,1,0.341789
pth,512,1,0.36215
pth,512,1,0.361097
pth,512,1,0.35575
pth,512,1,0.346684
pth,512,1,0.307331
pth,512,1,0.303069
pth,512,1,0.352262
pth,512,1,0.352423
pth,512,1,0.34901
pth,512,1,0.36088
pth,512,1,0.334844
pth,512,1,0.290385
pth,512,1,0.363851
pth,512,1,0.348532
pth,512,1,0.292225
pth,512,1,0.360318
pth,512,1,0.360767
pth,512,1,0.359206
pth,512,1,0.347691
pth,512,1,0.329269
pth,512,1,0.33811
pth,512,1,0.354284
pth,512,2,0.164631
pth,512,2,0.137544
pth,512,2,0.132732
pth,512,2,0.154224
pth,512,2,0.165232
pth,512,2,0.150644
pth,512,2,0.164695
pth,512,2,0.167126
pth,512,2,0.132076
pth,512,2,0.134616
pth,512,2,0.134847
pth,512,2,0.17057
pth,512,2,0.165836
pth,512,2,0.182229
pth,512,2,0.152267
pth,512,2,0.138174
pth,512,2,0.163225
pth,512,2,0.166021
pth,512,2,0.151558
pth,512,2,0.16733
pth,512,2,0.164778
pth,512,2,0.139613
pth,512,2,0.147049
pth,512,2,0.166678
pth,512,2,0.158105
pth,512,2,0.15617
pth,512,2,0.134356
pth,512,2,0.134149
pth,512,2,0.134581
pth,512,2,0.167783
pth,512,4,0.072672
pth,512,4,0.068453
pth,512,4,0.073231
pth,512,4,0.068618
pth,512,4,0.070868
pth,512,4,0.070088
pth,512,4,0.068648
pth,512,4,0.070242
pth,512,4,0.069592
pth,512,4,0.069864
pth,512,4,0.06874
pth,512,4,0.070147
pth,512,4,0.069168
pth,512,4,0.069079
pth,512,4,0.068735
pth,512,4,0.071542
pth,512,4,0.069288
pth,512,4,0.072583
pth,512,4,0.069909
pth,512,4,0.068598
pth,512,4,0.068928
pth,512,4,0.071789
pth,512,4,0.072634
pth,512,4,0.072876
pth,512,4,0.069472
pth,512,4,0.068731
pth,512,4,0.070826
pth,512,4,0.068779
pth,512,4,0.068718
pth,512,4,0.068983
pth,512,8,0.075134
pth,512,8,0.086628
pth,512,8,0.07742
pth,512,8,0.076429
pth,512,8,0.081762
pth,512,8,0.090442
pth,512,8,0.077795
pth,512,8,0.087464
pth,512,8,0.08549
pth,512,8,0.092483
pth,512,8,0.081932
pth,512,8,0.092212
pth,512,8,0.088048
pth,512,8,0.080167
pth,512,8,0.082202
pth,512,8,0.178113
pth,512,8,0.085384
pth,512,8,0.079927
pth,512,8,0.074741
pth,512,8,0.077746
pth,512,8,0.074374
pth,512,8,0.091325
pth,512,8,0.095931
pth,512,8,0.082587
pth,512,8,0.122107
pth,512,8,0.092008
pth,512,8,0.135126
pth,512,8,0.098184
pth,512,8,0.078026
pth,512,8,0.081799
pth,512,16,0.0946
pth,512,16,0.095165
pth,512,16,0.102634
pth,512,16,0.097511
pth,512,16,0.095284
pth,512,16,0.093536
pth,512,16,0.104148
pth,512,16,0.097613
pth,512,16,0.095405
pth,512,16,0.097697
pth,512,16,0.095894
pth,512,16,0.094264
pth,512,16,0.095978
pth,512,16,0.092529
pth,512,16,0.09923
pth,512,16,0.094197
pth,512,16,0.09204
pth,512,16,0.093136
pth,512,16,0.092169
pth,512,16,0.09326
pth,512,16,0.093719
pth,512,16,0.093236
pth,512,16,0.099684
pth,512,16,0.103662
pth,512,16,0.100587
pth,512,16,0.097682
pth,512,16,0.098012
pth,512,16,0.103102
pth,512,16,0.102137
pth,512,16,0.096333
pth,512,32,0.121764
pth,512,32,0.116855
pth,512,32,0.116151
pth,512,32,0.117386
pth,512,32,0.118576
pth,512,32,0.113741
pth,512,32,0.121942
pth,512,32,0.115445
pth,512,32,0.113838
pth,512,32,0.120804
pth,512,32,0.127636
pth,512,32,0.132731
pth,512,32,0.130067
pth,512,32,0.171209
pth,512,32,0.118808
pth,512,32,0.113644
pth,512,32,0.115454
pth,512,32,0.124229
pth,512,32,0.116289
pth,512,32,0.118756
pth,512,32,0.11659
pth,512,32,0.11548
pth,512,32,0.119577
pth,512,32,0.11653
pth,512,32,0.118078
pth,512,32,0.175799
pth,512,32,0.126994
pth,512,32,0.11993
pth,512,32,0.120073
pth,512,32,0.128299
pth,1024,1,1.276082
pth,1024,1,1.295608
pth,1024,1,1.220819
pth,1024,1,1.296167
pth,1024,1,1.313378
pth,1024,1,1.321176
pth,1024,1,1.244338
pth,1024,1,1.259645
pth,1024,1,1.307288
pth,1024,1,1.303771
pth,1024,1,1.278311
pth,1024,1,1.310322
pth,1024,1,1.327476
pth,1024,1,1.317744
pth,1024,1,1.259248
pth,1024,1,1.325288
pth,1024,1,1.294068
pth,1024,1,1.262512
pth,1024,1,1.280254
pth,1024,1,1.311414
pth,1024,1,1.331919
pth,1024,1,1.287564
pth,1024,1,1.286655
pth,1024,1,1.292053
pth,1024,1,1.304086
pth,1024,1,1.290745
pth,1024,1,1.293351
pth,1024,1,1.339141
pth,1024,1,1.314706
pth,1024,1,1.286467
pth,1024,2,0.646037
pth,1024,2,0.55233
pth,1024,2,0.538353
pth,1024,2,0.512042
pth,1024,2,0.520919
pth,1024,2,0.512391
pth,1024,2,0.534825
pth,1024,2,0.545675
pth,1024,2,0.565164
pth,1024,2,0.512081
pth,1024,2,0.517171
pth,1024,2,0.538259
pth,1024,2,0.51204
pth,1024,2,0.512488
pth,1024,2,0.511659
pth,1024,2,0.51178
pth,1024,2,0.513298
pth,1024,2,0.516635
pth,1024,2,0.603344
pth,1024,2,0.511579
pth,1024,2,0.513047
pth,1024,2,0.512119
pth,1024,2,0.512659
pth,1024,2,0.584893
pth,1024,2,0.599027
pth,1024,2,0.511508
pth,1024,2,0.535137
pth,1024,2,0.530677
pth,1024,2,0.544281
pth,1024,2,0.578969
pth,1024,4,0.269122
pth,1024,4,0.268961
pth,1024,4,0.273574
pth,1024,4,0.269357
pth,1024,4,0.273975
pth,1024,4,0.271479
pth,1024,4,0.267659
pth,1024,4,0.273895
pth,1024,4,0.2732
pth,1024,4,0.310442
pth,1024,4,0.389999
pth,1024,4,0.373201
pth,1024,4,0.266815
pth,1024,4,0.322921
pth,1024,4,0.322337
pth,1024,4,0.268108
pth,1024,4,0.278615
pth,1024,4,0.267516
pth,1024,4,0.270098
pth,1024,4,0.267029
pth,1024,4,0.274349
pth,1024,4,0.268519
pth,1024,4,0.270004
pth,1024,4,0.268247
pth,1024,4,0.266307
pth,1024,4,0.267124
pth,1024,4,0.268127
pth,1024,4,0.266407
pth,1024,4,0.266688
pth,1024,4,0.274193
pth,1024,8,0.280272
pth,1024,8,0.319675
pth,1024,8,0.280597
pth,1024,8,0.27392
pth,1024,8,0.276356
pth,1024,8,0.275319
pth,1024,8,0.280369
pth,1024,8,0.278366
pth,1024,8,0.273333
pth,1024,8,0.276921
pth,1024,8,0.272071
pth,1024,8,0.275898
pth,1024,8,0.274219
pth,1024,8,0.286852
pth,1024,8,0.283752
pth,1024,8,0.274535
pth,1024,8,0.272262
pth,1024,8,0.271907
pth,1024,8,0.274203
pth,1024,8,0.342829
pth,1024,8,0.28166
pth,1024,8,0.279561
pth,1024,8,0.273337
pth,1024,8,0.271881
pth,1024,8,0.281701
pth,1024,8,0.277951
pth,1024,8,0.271615
pth,1024,8,0.277894
pth,1024,8,0.273735
pth,1024,8,0.279915
pth,1024,16,0.304519
pth,1024,16,0.298227
pth,1024,16,0.305995
pth,1024,16,0.301465
pth,1024,16,0.304931
pth,1024,16,0.305862
pth,1024,16,0.303504
pth,1024,16,0.353276
pth,1024,16,0.301696
pth,1024,16,0.343416
pth,1024,16,0.30795
pth,1024,16,0.30554
pth,1024,16,0.307706
pth,1024,16,0.297559
pth,1024,16,0.303656
pth,1024,16,0.300448
pth,1024,16,0.307241
pth,1024,16,0.300516
pth,1024,16,0.299489
pth,1024,16,0.313685
pth,1024,16,0.300384
pth,1024,16,0.301534
pth,1024,16,0.299841
pth,1024,16,0.361527
pth,1024,16,0.30678
pth,1024,16,0.307844
pth,1024,16,0.299468
pth,1024,16,0.30341
pth,1024,16,0.299868
pth,1024,16,0.301625
pth,1024,32,0.337497
pth,1024,32,0.405439
pth,1024,32,0.478302
pth,1024,32,0.415148
pth,1024,32,0.35677
pth,1024,32,0.395325
pth,1024,32,0.487718
pth,1024,32,0.385741
pth,1024,32,0.39013
pth,1024,32,0.495135
pth,1024,32,0.334153
pth,1024,32,0.332653
pth,1024,32,0.470473
pth,1024,32,0.410269
pth,1024,32,0.334023
pth,1024,32,0.347966
pth,1024,32,0.491973
pth,1024,32,0.385343
pth,1024,32,0.331712
pth,1024,32,0.399954
pth,1024,32,0.524918
pth,1024,32,0.335397
pth,1024,32,0.344676
pth,1024,32,0.339652
pth,1024,32,0.334172
pth,1024,32,0.340345
pth,1024,32,0.344051
pth,1024,32,0.337541
pth,1024,32,0.341345
pth,1024,32,0.339046
pth,2048,1,4.419301
pth,2048,1,4.461628
pth,2048,1,4.431092
pth,2048,1,4.415192
pth,2048,1,4.466056
pth,2048,1,4.447025
pth,2048,1,4.44142
pth,2048,1,4.468393
pth,2048,1,4.46437
pth,2048,1,4.480213
pth,2048,1,4.452377
pth,2048,1,4.431008
pth,2048,1,4.443971
pth,2048,1,4.427938
pth,2048,1,4.473672
pth,2048,1,4.454315
pth,2048,1,4.445351
pth,2048,1,4.438623
pth,2048,1,4.423564
pth,2048,1,4.452216
pth,2048,1,4.445772
pth,2048,1,4.442617
pth,2048,1,4.439682
pth,2048,1,4.446975
pth,2048,1,4.436116
pth,2048,1,4.470312
pth,2048,1,4.448877
pth,2048,1,4.442135
pth,2048,1,4.464361
pth,2048,1,4.470923
pth,2048,2,2.081422
pth,2048,2,2.070424
pth,2048,2,2.065604
pth,2048,2,2.036547
pth,2048,2,2.026732
pth,2048,2,2.069875
pth,2048,2,2.035902
pth,2048,2,2.031136
pth,2048,2,2.026774
pth,2048,2,2.02499
pth,2048,2,2.031092
pth,2048,2,2.026622
pth,2048,2,2.038394
pth,2048,2,2.05004
pth,2048,2,2.054534
pth,2048,2,2.067051
pth,2048,2,2.024461
pth,2048,2,2.104429
pth,2048,2,2.025375
pth,2048,2,2.117052
pth,2048,2,2.062764
pth,2048,2,2.02583
pth,2048,2,2.03227
pth,2048,2,2.034982
pth,2048,2,2.053439
pth,2048,2,2.064137
pth,2048,2,2.034244
pth,2048,2,2.036432
pth,2048,2,2.034437
pth,2048,2,2.028114
pth,2048,4,1.086708
pth,2048,4,1.069176
pth,2048,4,1.068184
pth,2048,4,1.104477
pth,2048,4,1.207027
pth,2048,4,1.063525
pth,2048,4,1.065723
pth,2048,4,1.061689
pth,2048,4,1.066356
pth,2048,4,1.118987
pth,2048,4,1.105113
pth,2048,4,1.064792
pth,2048,4,1.072721
pth,2048,4,1.063748
pth,2048,4,1.114273
pth,2048,4,1.079152
pth,2048,4,1.086674
pth,2048,4,1.06585
pth,2048,4,1.109042
pth,2048,4,1.073324
pth,2048,4,1.062342
pth,2048,4,1.071052
pth,2048,4,1.063898
pth,2048,4,1.112608
pth,2048,4,1.065235
pth,2048,4,1.099571
pth,2048,4,1.064639
pth,2048,4,1.069759
pth,2048,4,1.109376
pth,2048,4,1.074807
pth,2048,8,1.069639
pth,2048,8,1.142271
pth,2048,8,1.171767
pth,2048,8,1.081364
pth,2048,8,1.073512
pth,2048,8,1.069926
pth,2048,8,1.068662
pth,2048,8,1.118178
pth,2048,8,1.135692
pth,2048,8,1.07018
pth,2048,8,1.076789
pth,2048,8,1.084056
pth,2048,8,1.135727
pth,2048,8,1.092597
pth,2048,8,1.068442
pth,2048,8,1.083171
pth,2048,8,1.129841
pth,2048,8,1.079646
pth,2048,8,1.08836
pth,2048,8,1.073524
pth,2048,8,1.079396
pth,2048,8,1.108934
pth,2048,8,1.111344
pth,2048,8,1.073456
pth,2048,8,1.0704
pth,2048,8,1.083974
pth,2048,8,1.12064
pth,2048,8,1.073513
pth,2048,8,1.165455
pth,2048,8,1.140603
pth,2048,16,1.159874
pth,2048,16,1.111102
pth,2048,16,1.172634
pth,2048,16,1.191543
pth,2048,16,1.114377
pth,2048,16,1.142647
pth,2048,16,1.112819
pth,2048,16,1.111961
pth,2048,16,1.108007
pth,2048,16,1.146351
pth,2048,16,1.124979
pth,2048,16,1.123998
pth,2048,16,1.108745
pth,2048,16,1.124186
pth,2048,16,1.152439
pth,2048,16,1.112262
pth,2048,16,1.113758
pth,2048,16,1.110506
pth,2048,16,1.130631
pth,2048,16,1.142574
pth,2048,16,1.117549
pth,2048,16,1.130494
pth,2048,16,1.112473
pth,2048,16,1.145987
pth,2048,16,1.108332
pth,2048,16,1.217889
pth,2048,16,1.113776
pth,2048,16,1.130602
pth,2048,16,1.094627
pth,2048,16,1.110216
pth,2048,32,1.118503
pth,2048,32,1.157075
pth,2048,32,1.324584
pth,2048,32,1.254161
pth,2048,32,1.2964
pth,2048,32,1.286637
pth,2048,32,1.511299
pth,2048,32,1.313652
pth,2048,32,1.268635
pth,2048,32,1.33522
pth,2048,32,1.119031
pth,2048,32,1.118905
pth,2048,32,1.116275
pth,2048,32,1.120341
pth,2048,32,1.17193
pth,2048,32,1.122549
pth,2048,32,1.127272
pth,2048,32,1.119351
pth,2048,32,1.134017
pth,2048,32,1.118431
pth,2048,32,1.220305
pth,2048,32,1.134028
pth,2048,32,1.115726
pth,2048,32,1.175131
pth,2048,32,1.118734
pth,2048,32,1.121519
pth,2048,32,1.169397
pth,2048,32,1.150542
pth,2048,32,1.122667
pth,2048,32,1.123227
pth,4096,1,16.436108
pth,4096,1,16.417427
pth,4096,1,16.459178
pth,4096,1,16.422351
pth,4096,1,16.406334
pth,4096,1,16.427601
pth,4096,1,16.441593
pth,4096,1,16.427746
pth,4096,1,16.435553
pth,4096,1,16.438491
pth,4096,1,16.462372
pth,4096,1,16.423348
pth,4096,1,16.445639
pth,4096,1,16.462757
pth,4096,1,16.443344
pth,4096,1,16.429485
pth,4096,1,16.419583
pth,4096,1,16.415665
pth,4096,1,16.434146
pth,4096,1,16.46716
pth,4096,1,16.469399
pth,4096,1,16.445051
pth,4096,1,16.443237
pth,4096,1,16.442416
pth,4096,1,16.436216
pth,4096,1,16.456886
pth,4096,1,16.438791
pth,4096,1,16.459364
pth,4096,1,16.455162
pth,4096,1,16.434625
pth,4096,2,8.106561
pth,4096,2,8.082242
pth,4096,2,8.11401
pth,4096,2,8.113387
pth,4096,2,8.19149
pth,4096,2,8.091596
pth,4096,2,8.210163
pth,4096,2,8.086163
pth,4096,2,8.097668
pth,4096,2,8.10313
pth,4096,2,8.068721
pth,4096,2,8.205175
pth,4096,2,8.196239
pth,4096,2,8.070689
pth,4096,2,8.086368
pth,4096,2,8.11573
pth,4096,2,8.07901
pth,4096,2,8.09728
pth,4096,2,8.066406
pth,4096,2,8.124473
pth,4096,2,8.087719
pth,4096,2,8.077276
pth,4096,2,8.06415
pth,4096,2,8.097536
pth,4096,2,8.099216
pth,4096,2,8.101376
pth,4096,2,8.088587
pth,4096,2,8.07178
pth,4096,2,8.074827
pth,4096,2,8.093623
pth,4096,4,4.360735
pth,4096,4,4.24858
pth,4096,4,4.330605
pth,4096,4,4.280733
pth,4096,4,4.289509
pth,4096,4,4.261432
pth,4096,4,4.326291
pth,4096,4,4.360861
pth,4096,4,4.263347
pth,4096,4,4.320043
pth,4096,4,4.293434
pth,4096,4,4.270607
pth,4096,4,4.270046
pth,4096,4,4.281414
pth,4096,4,4.366636
pth,4096,4,4.405879
pth,4096,4,4.380086
pth,4096,4,4.274857
pth,4096,4,4.261269
pth,4096,4,4.234077
pth,4096,4,4.291253
pth,4096,4,4.449376
pth,4096,4,4.402463
pth,4096,4,4.330695
pth,4096,4,4.27105
pth,4096,4,4.27288
pth,4096,4,4.252527
pth,4096,4,4.316801
pth,4096,4,4.336648
pth,4096,4,4.275075
pth,4096,8,4.454873
pth,4096,8,4.427099
pth,4096,8,4.411703
pth,4096,8,4.425078
pth,4096,8,4.410348
pth,4096,8,4.520471
pth,4096,8,4.66949
pth,4096,8,4.998554
pth,4096,8,4.630872
pth,4096,8,4.399913
pth,4096,8,4.463088
pth,4096,8,4.381716
pth,4096,8,4.500162
pth,4096,8,4.437542
pth,4096,8,4.436936
pth,4096,8,4.4323
pth,4096,8,4.413208
pth,4096,8,4.506218
pth,4096,8,4.485506
pth,4096,8,4.390678
pth,4096,8,4.476158
pth,4096,8,4.404894
pth,4096,8,4.441648
pth,4096,8,4.432176
pth,4096,8,4.444977
pth,4096,8,4.50837
pth,4096,8,4.476909
pth,4096,8,4.38951
pth,4096,8,4.433215
pth,4096,8,4.432849
pth,4096,16,4.385546
pth,4096,16,4.325685
pth,4096,16,4.428951
pth,4096,16,4.376732
pth,4096,16,4.31545
pth,4096,16,4.375482
pth,4096,16,4.334646
pth,4096,16,4.372071
pth,4096,16,4.336395
pth,4096,16,4.432462
pth,4096,16,4.323737
pth,4096,16,4.344271
pth,4096,16,4.374534
pth,4096,16,4.324933
pth,4096,16,4.357214
pth,4096,16,4.335433
pth,4096,16,4.427669
pth,4096,16,4.332313
pth,4096,16,4.334268
pth,4096,16,4.336192
pth,4096,16,4.331212
pth,4096,16,4.347126
pth,4096,16,4.384447
pth,4096,16,4.390464
pth,4096,16,4.330933
pth,4096,16,4.348532
pth,4096,16,4.334729
pth,4096,16,4.334837
pth,4096,16,4.394911
pth,4096,16,4.527832
pth,4096,32,4.313549
pth,4096,32,4.312055
pth,4096,32,4.344413
pth,4096,32,4.337342
pth,4096,32,4.329995
pth,4096,32,4.343795
pth,4096,32,4.40254
pth,4096,32,4.305708
pth,4096,32,4.364942
pth,4096,32,4.337978
pth,4096,32,4.323173
pth,4096,32,4.311858
pth,4096,32,4.371071
pth,4096,32,4.393453
pth,4096,32,4.290939
pth,4096,32,4.322475
pth,4096,32,4.566729
pth,4096,32,5.161092
pth,4096,32,4.74884
pth,4096,32,4.330044
pth,4096,32,4.434604
pth,4096,32,4.359167
pth,4096,32,4.300381
pth,4096,32,4.331448
pth,4096,32,4.333811
pth,4096,32,4.364079
pth,4096,32,4.320262
pth,4096,32,4.440816
pth,4096,32,4.347491
pth,4096,32,4.30054
